btr_pwr,btr_life,mhz,cores,frontcam,backcam,px_h,px_w,cm_h,cm_w,rom,ram,thick,weight,dual_sim,bt,touch,wifi,4g,3g,class
1786,14,2.6,4,6,15,616,912,18,0,14,3038,1.0,115,0,0,0,0,0,1,Flagship
1821,18,1.7,8,4,10,381,1018,13,8,10,3220,0.8,139,0,0,0,1,1,1,Flagship
823,9,1.0,5,9,16,1180,1350,13,10,18,3894,0.2,182,1,0,1,0,1,1,Flagship
1221,10,0.5,1,1,7,1895,1976,13,11,28,2438,0.5,139,0,0,1,1,1,1,Flagship
1811,13,2.9,8,0,2,1099,1553,8,3,33,2610,0.2,132,0,0,1,0,0,1,Flagship
1042,20,2.7,7,16,18,727,1705,18,0,50,3215,0.8,93,1,0,1,1,1,1,Flagship
1735,9,1.9,6,0,0,137,846,6,1,59,3230,0.7,148,1,1,1,0,1,1,Flagship
1731,4,1.4,6,4,18,809,1988,5,1,4,3892,0.5,163,1,1,1,1,1,1,Flagship
825,2,0.5,2,0,0,206,1917,8,6,23,3278,0.1,86,1,0,0,1,1,1,Flagship
1254,17,1.2,5,2,6,462,1013,10,4,50,3959,0.7,108,1,0,1,0,0,1,Flagship
772,4,2.4,4,1,2,1242,1712,18,11,10,3242,0.5,80,1,1,1,0,1,1,Flagship
1557,9,2.8,5,16,20,1107,1442,18,16,2,2690,0.1,123,1,0,0,1,0,0,Flagship
1945,15,1.6,3,4,10,280,895,6,1,21,3015,0.7,113,0,0,0,0,0,0,Flagship
1948,17,2.8,5,8,10,631,1940,9,7,16,3630,0.1,100,1,0,1,0,0,0,Flagship
1987,8,0.5,3,3,7,1052,1516,18,5,53,3117,1.0,181,0,1,1,1,1,1,Flagship
1569,4,1.6,4,4,6,371,665,6,2,54,3905,0.9,190,1,1,0,0,1,1,Flagship
1334,8,2.4,5,5,14,1187,1974,10,1,42,2542,0.6,115,0,1,0,0,1,1,Flagship
1792,15,1.0,7,3,8,1626,1913,18,14,62,2563,0.3,170,0,1,0,1,1,1,Flagship
1138,3,1.4,8,12,17,111,1138,19,3,44,3475,0.2,187,0,0,0,0,1,1,Flagship
921,11,2.2,7,12,18,1272,1469,8,2,10,3153,0.1,170,1,1,1,0,1,1,Flagship
1855,7,0.5,8,5,18,267,1161,7,0,32,3933,0.6,187,0,0,0,1,0,1,Flagship
911,11,1.4,4,3,4,1563,1692,16,3,14,2933,0.7,199,1,0,1,0,0,0,Flagship
1454,5,0.5,4,1,3,250,1033,7,5,34,3419,0.7,83,1,1,1,0,0,1,Flagship
1938,18,0.5,2,5,9,1299,1935,18,10,44,3497,0.5,121,1,1,1,0,0,0,Flagship
1829,5,2.1,5,8,15,1457,1919,16,6,59,3142,0.1,91,0,1,1,1,0,1,Flagship
1005,20,0.5,8,0,17,176,1556,17,0,46,3884,0.4,133,0,0,1,1,0,0,Flagship
1961,6,1.5,7,10,20,861,1888,14,7,55,2355,0.5,100,0,1,1,1,0,1,Flagship
1946,2,2.7,8,8,19,647,1849,6,0,8,3117,0.3,123,1,0,0,0,0,1,Flagship
1670,20,3.0,8,14,20,1117,1330,6,0,62,3024,0.5,114,0,1,0,1,0,0,Flagship
1164,17,2.6,1,0,6,1107,1656,11,10,61,3859,0.3,88,1,1,1,0,0,0,Flagship
1659,9,2.8,1,5,20,819,902,19,14,16,3255,0.6,89,0,0,0,1,0,0,Flagship
932,9,1.3,7,1,2,1176,1224,8,7,64,3817,0.7,154,0,0,1,1,0,1,Flagship
1436,19,2.5,8,0,1,1826,1836,12,5,42,2736,0.9,124,1,0,1,0,1,1,Flagship
1413,15,0.5,5,4,6,1949,1994,17,8,45,2973,0.4,104,1,1,0,1,1,1,Flagship
1112,20,0.5,4,1,16,234,739,7,3,53,3655,0.6,121,1,1,1,0,0,1,Flagship
534,20,0.5,5,0,1,393,1199,16,12,16,3926,1.0,189,1,0,0,0,1,1,Flagship
862,9,2.3,8,9,14,829,1977,9,4,6,3458,0.1,107,0,0,1,1,1,1,Flagship
1554,18,0.5,3,11,12,395,1579,7,4,5,3635,1.0,124,1,1,0,0,0,0,Flagship
689,10,1.4,5,2,11,256,823,10,1,45,3585,0.5,103,0,0,0,0,0,1,Flagship
1875,6,0.5,1,11,17,1802,1942,7,2,55,2712,0.7,91,1,1,0,1,1,1,Flagship
1866,8,1.4,3,0,0,108,1781,16,11,30,3834,0.5,182,0,0,0,0,0,0,Flagship
553,20,2.2,2,0,1,1287,1892,12,10,18,3300,0.7,136,1,1,0,0,1,1,Flagship
1709,15,2.1,2,1,2,974,1385,17,1,13,3283,1.0,156,0,1,0,0,0,1,Flagship
1944,8,1.8,4,0,10,1111,1362,7,3,31,2560,0.8,87,1,1,0,0,1,1,Flagship
586,11,0.5,2,1,5,1226,1389,15,4,57,3646,0.3,188,1,0,1,1,0,1,Flagship
1464,15,0.5,2,11,14,854,1168,5,3,12,3927,0.9,117,1,1,1,1,0,0,Flagship
1986,17,0.5,7,7,19,251,599,11,8,39,3476,0.1,89,1,1,1,0,1,1,Flagship
1891,11,2.8,7,7,14,169,1108,8,6,37,3704,0.4,129,0,0,0,0,1,1,Flagship
1451,18,0.5,8,5,12,812,1456,15,7,57,3038,0.6,181,0,1,0,1,1,1,Flagship
1745,5,1.5,3,4,16,1164,1908,13,11,57,2885,0.1,159,1,0,1,1,1,1,Flagship
664,18,1.5,2,5,19,1076,1472,11,5,6,3774,0.9,164,0,0,0,0,1,1,Flagship
1166,7,0.5,1,7,11,437,638,8,6,59,3887,0.5,80,0,1,0,1,0,1,Flagship
1890,15,1.1,4,4,5,1438,1832,10,4,48,2392,0.5,127,0,0,0,1,1,1,Flagship
888,20,2.6,2,2,17,327,1683,12,1,33,3407,0.4,198,1,0,0,0,1,1,Flagship
1807,15,0.5,6,2,6,1734,1968,8,5,61,3726,0.1,134,1,1,0,0,1,1,Flagship
1161,14,1.3,8,0,12,308,1169,6,4,21,3336,0.6,126,1,0,0,1,1,1,Flagship
1308,4,1.9,3,0,7,59,1215,15,2,61,3355,0.7,106,0,0,0,1,1,1,Flagship
1692,7,2.1,1,4,17,1899,1904,9,3,2,3779,0.9,106,0,0,1,1,1,1,Flagship
1126,13,0.7,8,3,17,114,1726,14,1,49,3739,0.9,165,0,0,0,0,0,1,Flagship
752,16,0.5,7,1,13,164,728,7,5,48,3860,0.7,87,1,0,0,0,0,0,Flagship
902,15,0.6,5,0,14,364,1360,18,8,63,3654,0.7,122,1,1,1,1,0,0,Flagship
864,12,2.5,4,10,15,1362,1378,13,8,24,3964,0.7,148,0,0,1,0,1,1,Flagship
858,3,2.2,1,1,2,528,1416,17,16,50,3978,0.1,84,0,0,1,0,0,1,Flagship
1225,11,2.1,4,8,12,759,1404,12,11,13,3836,0.5,116,1,1,0,0,0,0,Flagship
1843,15,1.8,6,13,18,118,580,15,14,16,3213,0.7,134,1,1,1,0,1,1,Flagship
1872,19,1.9,3,5,14,1546,1879,15,5,35,2419,0.6,111,0,1,0,0,0,0,Flagship
1965,16,0.5,7,6,9,977,1660,17,0,4,3535,1.0,84,0,0,1,1,1,1,Flagship
1277,6,0.5,6,0,6,309,1460,18,17,35,3559,0.4,142,1,1,1,0,1,1,Flagship
659,10,2.2,8,0,2,924,1877,8,1,24,3925,0.7,151,0,0,1,1,1,1,Flagship
1614,13,1.9,3,8,17,860,1330,17,13,55,3914,0.3,188,0,0,0,0,1,1,Flagship
1724,6,1.8,2,0,1,655,828,18,16,9,3056,0.8,100,0,1,0,0,1,1,Flagship
1333,5,1.4,7,3,5,394,1301,18,16,59,3442,0.7,183,0,0,1,0,1,1,Flagship
1520,4,0.5,5,1,8,109,1909,13,3,24,3233,0.7,199,0,0,0,1,1,1,Flagship
688,4,2.5,7,0,3,426,1964,17,1,57,3745,0.8,131,1,0,1,0,0,0,Flagship
514,5,1.6,1,7,9,956,1723,12,8,37,3392,0.1,172,0,1,1,1,1,1,Flagship
694,5,1.8,4,15,20,983,1230,12,8,36,3676,0.4,193,1,1,0,1,0,1,Flagship
1926,17,1.1,6,13,17,371,1000,17,12,50,3809,0.2,179,0,1,1,0,1,1,Flagship
1375,12,1.3,1,2,13,898,1687,17,1,12,2890,0.1,105,1,1,0,0,0,0,Flagship
772,3,1.1,7,12,14,1314,1854,17,15,39,2819,0.8,81,1,0,1,0,0,1,Flagship
1521,19,1.6,1,5,9,678,1630,5,2,62,3555,0.3,143,0,1,0,0,1,1,Flagship
1853,17,1.0,1,2,15,202,1951,14,4,23,2775,0.4,92,0,1,0,0,0,1,Flagship
742,12,2.2,7,4,14,577,1359,16,11,56,3557,0.2,190,1,0,1,1,0,0,Flagship
1715,3,0.5,6,1,3,674,1375,17,2,18,2598,0.1,96,1,1,0,0,1,1,Flagship
1732,20,0.8,5,2,3,201,656,17,11,61,3940,0.3,172,0,0,1,1,0,0,Flagship
1240,17,1.6,2,0,9,1511,1756,13,1,39,3260,0.1,146,0,0,0,1,0,0,Flagship
1416,7,1.8,4,0,0,1175,1578,10,2,20,3872,0.1,93,1,1,0,1,0,0,Flagship
1504,10,2.3,1,1,2,19,1923,6,5,64,3059,0.9,182,1,0,1,0,0,0,Flagship
1007,16,2.0,5,0,2,1186,1529,9,0,45,3648,0.1,95,0,0,0,0,0,0,Flagship
1579,12,0.5,7,0,9,1358,1739,17,11,5,3532,0.2,88,1,1,0,1,0,0,Flagship
1053,5,0.8,1,7,12,594,1767,17,6,45,3086,0.3,103,1,1,1,1,1,1,Flagship
1512,11,0.6,3,1,2,220,1838,7,3,54,3366,0.4,134,1,0,0,1,1,1,Flagship
1718,8,2.5,5,14,16,564,980,7,1,6,3755,0.1,183,1,1,1,1,1,1,Flagship
1924,16,2.6,6,0,0,1438,1923,10,9,59,3646,0.9,136,0,0,0,1,1,1,Flagship
732,5,1.3,8,5,7,1661,1836,12,2,32,3883,0.4,163,0,1,0,1,1,1,Flagship
1836,5,2.1,7,0,15,276,1230,7,3,30,3072,0.2,184,1,1,1,0,1,1,Flagship
1766,17,0.5,5,1,7,125,1227,9,7,16,3314,0.6,141,1,1,0,1,0,0,Flagship
1768,5,2.0,7,0,2,1303,1814,9,6,2,3256,0.8,88,0,1,1,0,1,1,Flagship
1366,14,1.7,5,5,9,647,1876,17,5,53,3869,0.2,161,1,1,0,1,1,1,Flagship
825,6,0.5,3,7,10,597,863,10,4,52,3534,0.9,130,1,1,1,0,0,0,Flagship
1589,14,2.2,4,2,4,957,1911,16,14,58,3961,0.1,128,1,1,0,1,0,1,Flagship
908,7,2.1,5,1,2,154,941,16,12,44,3518,0.6,95,0,0,1,1,0,1,Flagship
1397,11,2.9,6,13,18,1308,1991,12,1,9,3137,0.5,87,1,0,1,1,0,1,Flagship
1001,10,2.8,3,1,7,922,1836,13,9,40,3654,0.2,117,1,0,1,1,0,1,Flagship
732,15,2.3,7,7,11,1163,1554,19,3,39,3681,0.6,188,1,1,1,1,1,1,Flagship
1830,11,1.0,1,7,11,1191,1882,13,10,47,3362,0.3,117,0,1,0,0,1,1,Flagship
1765,18,1.1,2,3,7,835,1175,6,5,11,3695,0.7,87,0,0,0,0,0,1,Flagship
1370,11,1.4,6,5,8,1392,1783,13,10,6,3703,0.2,158,0,0,1,0,1,1,Flagship
1661,11,1.9,5,5,10,846,1634,12,6,23,2676,1.0,172,1,0,1,1,0,0,Flagship
1972,11,1.6,8,0,2,290,804,7,2,48,2872,0.5,92,0,1,0,1,0,1,Flagship
840,18,0.6,7,0,19,987,1081,12,8,63,3486,0.8,137,0,0,1,0,1,1,Flagship
612,18,0.5,8,1,6,1145,1487,16,2,20,3282,0.8,179,1,1,1,1,1,1,Flagship
1569,15,0.8,3,8,16,1261,1383,15,2,59,3672,0.9,111,1,0,0,1,0,1,Flagship
802,8,2.4,3,1,9,1299,1633,8,3,45,3713,0.8,157,1,1,0,0,0,0,Flagship
1654,10,1.5,2,0,0,546,629,12,5,43,3112,0.3,109,1,1,1,0,1,1,Flagship
1701,10,0.5,2,13,15,364,828,11,0,46,3717,0.9,115,0,1,1,0,1,1,Flagship
1697,8,0.7,1,1,3,236,1264,15,9,34,3701,0.1,95,0,1,1,0,1,1,Flagship
1559,3,1.6,6,6,17,179,1559,9,1,6,3352,0.5,162,1,1,1,1,1,1,Flagship
832,19,1.1,6,0,0,820,1366,8,0,46,3317,0.3,93,0,0,1,0,1,1,Flagship
853,8,2.0,2,10,16,674,740,15,8,3,3701,0.6,200,0,1,1,0,1,1,Flagship
1564,7,1.5,2,1,2,1619,1962,7,0,42,3376,0.7,108,1,0,1,0,0,0,Flagship
1836,18,1.7,6,3,16,408,1139,5,0,26,3097,0.1,134,1,1,1,0,0,0,Flagship
1900,18,0.5,1,0,1,934,1241,15,5,55,3917,0.9,171,1,1,0,1,1,1,Flagship
634,4,0.8,1,5,12,1362,1853,18,11,41,3242,0.2,192,0,1,0,1,0,1,Flagship
510,2,2.0,6,5,16,483,754,19,4,45,3919,0.9,168,1,1,1,1,1,1,Flagship
1876,16,0.5,6,10,14,546,1564,10,8,40,2513,0.3,86,0,0,1,0,1,1,Flagship
1502,16,1.2,5,0,12,65,588,17,14,54,3693,0.2,138,0,1,1,0,0,1,Flagship
1356,17,0.5,1,0,19,782,951,5,2,35,3451,0.8,131,1,1,1,1,0,1,Flagship
917,13,0.5,6,1,2,423,909,19,2,31,3424,0.5,88,0,1,1,0,1,1,Flagship
673,4,1.9,6,13,14,1096,1570,18,17,35,3541,0.4,142,0,1,0,1,1,1,Flagship
1889,3,2.8,1,5,10,170,1106,5,1,31,3672,1.0,132,0,0,1,1,1,1,Flagship
1957,7,0.9,3,11,16,396,1732,12,0,31,3801,0.6,181,1,0,0,1,0,1,Flagship
1980,18,0.5,1,2,13,312,1910,12,10,29,3865,0.8,177,1,0,0,0,1,1,Flagship
1595,9,0.8,4,0,20,1024,1838,14,10,44,3881,0.7,85,1,1,0,1,1,1,Flagship
1628,12,1.8,2,11,13,500,1713,17,11,56,3358,0.1,136,1,1,1,1,0,1,Flagship
989,19,2.0,3,4,19,256,1394,18,7,17,3892,0.2,166,0,1,1,0,0,1,Flagship
1046,9,2.8,8,0,0,259,1040,17,12,58,3863,0.2,100,1,1,1,1,1,1,Flagship
1773,13,2.5,6,16,18,1215,1472,17,6,32,3566,0.6,170,0,1,0,1,1,1,Flagship
753,16,0.5,8,11,20,606,1316,11,10,48,3484,0.1,121,0,1,0,0,1,1,Flagship
1408,3,2.5,4,3,6,875,982,19,18,32,3162,0.1,151,0,1,0,0,0,1,Flagship
1945,20,1.2,6,3,5,1064,1540,18,7,26,3322,0.7,112,0,0,0,1,0,0,Flagship
1887,16,3.0,8,6,7,1172,1798,18,16,17,3348,0.2,126,1,1,1,0,1,1,Flagship
1517,11,0.5,5,6,14,802,1489,15,5,48,2822,0.6,143,0,0,1,1,1,1,Flagship
539,15,1.5,6,6,8,1123,1709,18,11,26,3948,0.2,137,0,0,1,1,1,1,Flagship
1722,19,1.0,6,7,19,1179,1638,5,1,25,2376,0.8,88,0,1,0,1,0,0,Flagship
1379,17,1.1,2,5,7,538,1376,5,4,36,3426,0.8,200,0,0,1,1,1,1,Flagship
1569,15,0.5,1,3,13,519,930,18,1,33,3538,0.2,147,1,0,0,1,0,1,Flagship
1590,4,1.5,4,12,15,1058,1109,6,5,14,2836,0.5,187,1,0,0,0,1,1,Flagship
1572,10,0.6,7,0,8,1109,1937,12,8,58,2462,0.2,157,0,0,0,0,1,1,Flagship
712,4,1.6,2,6,14,881,1234,13,5,9,3612,0.8,172,0,1,0,0,1,1,Flagship
1775,14,1.5,1,3,7,1633,1869,19,13,41,2343,0.1,163,0,1,1,1,0,1,Flagship
1520,13,2.2,8,5,18,151,1005,14,9,33,3826,0.5,177,0,1,1,1,1,1,Flagship
1960,6,2.1,7,1,9,868,877,11,9,7,3773,0.2,165,0,1,1,1,0,0,Flagship
1358,11,2.5,7,0,0,1485,1655,5,1,20,3406,0.6,135,1,0,0,1,0,0,Flagship
1755,7,1.3,7,0,2,286,1075,8,1,24,3937,0.1,134,0,1,0,1,1,1,Flagship
1776,12,2.2,6,2,16,1563,1803,15,10,20,2671,0.9,82,0,0,1,1,0,0,Flagship
1652,6,0.6,7,4,6,352,1084,7,6,40,3592,1.0,198,1,0,0,0,1,1,Flagship
1778,13,0.5,6,0,11,1028,1445,19,6,23,3941,0.5,101,0,0,0,0,1,1,Flagship
1403,9,2.7,5,2,3,461,1251,13,9,26,3371,0.1,164,0,0,0,1,1,1,Flagship
1562,6,0.5,8,1,10,678,1676,16,11,20,3465,0.8,172,1,0,1,0,1,1,Flagship
1128,12,1.4,5,12,14,609,1370,14,9,53,2982,0.4,84,0,1,1,0,0,1,Flagship
1356,19,2.8,6,0,0,1612,1983,17,0,29,3702,0.5,198,0,0,0,0,0,0,Flagship
685,2,0.5,7,8,15,1091,1203,15,7,13,3210,0.8,82,1,0,1,1,1,1,Flagship
1634,6,1.4,2,1,5,964,1677,11,6,17,3031,0.2,200,0,1,1,1,1,1,Flagship
1606,20,1.4,4,3,4,1127,1924,13,8,57,3454,0.1,154,0,0,0,1,0,0,Flagship
987,20,1.3,3,0,9,581,820,9,4,61,3963,0.4,107,1,0,0,1,1,1,Flagship
1986,13,0.5,3,7,9,342,774,5,0,51,3165,0.4,95,0,0,0,0,0,1,Flagship
977,10,2.8,2,2,15,1502,1862,19,3,35,3714,0.6,165,1,1,1,1,0,0,Flagship
869,11,1.3,2,3,4,478,539,13,3,34,3864,0.1,104,1,0,0,0,0,1,Flagship
1373,7,1.9,6,1,12,1220,1348,15,2,29,2752,0.9,141,1,1,1,1,1,1,Flagship
866,2,0.5,8,5,7,692,1686,12,11,46,3825,0.5,179,1,0,1,1,1,1,Flagship
1754,19,2.1,4,1,3,199,1452,11,6,52,3019,1.0,101,1,1,0,1,1,1,Flagship
1188,16,1.4,2,0,0,1339,1558,12,11,9,2896,0.6,114,1,1,0,1,1,1,Flagship
774,12,2.8,3,7,18,8,896,8,1,55,3916,0.9,124,0,1,1,0,1,1,Flagship
1168,17,1.3,8,9,10,159,1578,9,4,61,3173,0.1,90,0,0,0,1,0,0,Flagship
769,7,2.9,5,0,1,248,874,5,2,9,3946,0.1,182,1,1,0,0,0,0,Flagship
1278,19,1.2,7,10,14,1244,1504,11,4,60,3142,0.6,172,0,1,0,1,1,1,Flagship
1883,3,1.6,1,9,16,203,915,17,10,24,3563,0.1,87,0,0,0,0,0,0,Flagship
1020,9,0.7,4,3,4,919,1482,18,1,27,3204,0.7,128,1,1,0,1,1,1,Flagship
1793,15,1.8,6,10,17,1086,1418,16,14,12,3533,0.5,169,1,0,1,1,0,1,Flagship
1842,4,2.2,4,7,10,783,1227,16,11,56,3721,0.4,179,1,1,1,1,0,0,Flagship
1558,12,2.4,1,0,1,120,1409,9,2,27,3598,0.1,146,0,1,0,1,1,1,Flagship
1362,5,2.9,6,0,4,600,1042,19,17,47,3629,0.5,186,0,1,1,1,0,0,Flagship
664,6,1.1,7,1,4,701,1478,19,15,51,3629,0.1,110,1,1,1,1,1,1,Flagship
1576,7,2.2,3,8,17,258,789,5,1,5,3904,0.7,139,0,1,1,1,0,1,Flagship
1658,15,1.4,1,0,5,410,522,10,1,39,3483,0.7,182,0,1,0,1,1,1,Flagship
1686,2,2.8,4,3,4,397,1453,14,11,38,2958,0.1,166,1,1,0,0,0,0,Flagship
1965,20,0.5,5,4,13,584,676,11,1,29,2973,0.5,149,0,1,1,1,1,1,Flagship
1413,4,0.5,5,4,12,1039,1318,19,16,39,3878,0.1,185,1,0,0,0,1,1,Flagship
844,7,2.2,7,1,2,777,1995,14,11,22,3154,0.9,197,1,0,0,0,1,1,Flagship
1395,16,2.8,3,0,1,782,1787,11,2,55,3373,0.6,118,0,1,1,0,1,1,Flagship
1062,16,2.5,1,6,13,1596,1807,7,3,10,3803,0.9,160,1,1,0,1,0,0,Flagship
1433,2,2.3,7,8,12,1619,1651,18,16,27,3900,0.9,153,0,1,0,1,1,1,Flagship
966,11,2.0,2,8,10,214,1523,18,17,34,3534,0.5,118,0,0,1,1,1,1,Flagship
1790,18,2.3,3,3,11,396,1980,6,2,49,3568,0.5,100,1,1,0,1,1,1,Flagship
1152,8,2.1,2,0,0,1304,1673,15,2,26,3284,0.3,82,1,1,0,1,1,1,Flagship
1497,3,0.9,8,4,20,98,977,9,0,10,3696,0.1,153,1,1,0,1,1,1,Flagship
1747,10,0.5,6,4,12,800,873,7,1,13,3105,0.7,185,0,0,0,0,0,1,Flagship
1108,13,2.9,2,10,12,130,1706,16,1,52,3264,0.1,183,0,1,1,1,0,0,Flagship
1928,13,1.8,3,9,20,691,1580,7,2,19,3777,1.0,187,0,1,1,1,1,1,Flagship
1270,16,2.3,5,0,1,1512,1716,13,4,58,3299,0.5,104,0,1,0,1,0,0,Flagship
1824,19,1.9,1,9,14,50,1105,12,2,2,3958,0.7,103,1,1,1,0,1,1,Flagship
721,5,2.7,5,1,18,655,1255,10,0,15,3606,0.2,102,1,1,1,1,1,1,Flagship
825,10,2.9,8,0,17,1471,1866,8,2,34,2915,0.8,99,1,0,1,0,0,1,Flagship
680,4,2.4,2,13,17,686,1418,15,1,34,3845,0.4,157,0,1,1,1,1,1,Flagship
1283,6,0.7,4,0,6,1135,1923,17,15,27,3957,0.2,80,1,1,0,0,1,1,Flagship
1429,18,1.5,3,0,14,246,820,11,7,40,3945,0.9,100,1,0,0,1,1,1,Flagship
1708,16,2.4,1,18,19,233,517,6,4,49,3388,0.1,109,1,1,1,1,1,1,Flagship
1313,6,1.8,1,4,6,416,1308,11,10,9,3791,0.4,105,1,1,1,1,0,0,Flagship
1893,18,2.1,2,8,11,637,763,14,3,63,3822,0.2,134,1,1,1,1,0,0,Flagship
1083,4,2.9,3,1,11,1025,1118,13,3,64,3210,0.8,178,1,1,0,0,1,1,Flagship
788,6,2.5,8,4,12,42,1161,12,8,57,3969,0.9,91,1,0,1,1,1,1,Flagship
1461,4,2.4,7,3,4,1265,1298,16,1,40,3799,0.5,141,1,0,0,0,1,1,Flagship
1135,6,2.8,1,9,11,690,1589,18,13,43,3204,0.4,158,1,1,0,0,0,1,Flagship
1883,20,2.7,2,6,10,531,791,16,15,30,3724,0.5,95,1,1,1,1,1,1,Flagship
1882,20,2.0,8,11,19,4,743,19,8,44,3579,0.8,113,0,0,1,0,1,1,Flagship
1724,16,2.0,3,2,5,1605,1924,19,3,57,2822,0.5,177,1,0,1,0,1,1,Flagship
1876,2,1.3,3,9,19,600,1211,17,0,64,3132,1.0,98,1,0,1,1,1,1,Flagship
1379,19,0.5,8,1,17,387,671,11,2,19,3912,0.3,134,1,0,1,1,0,0,Flagship
517,11,1.4,4,3,8,660,974,17,16,33,3704,0.8,183,1,0,0,1,1,1,Flagship
1589,19,0.6,5,0,2,776,1397,7,5,5,3430,0.8,112,0,0,1,1,0,1,Flagship
902,15,0.7,7,3,9,675,1285,12,11,3,3411,0.3,134,0,1,0,1,0,0,Flagship
707,7,2.1,3,2,17,495,574,9,2,25,3838,0.8,131,1,0,0,1,0,1,Flagship
1057,13,2.1,5,4,13,416,1055,6,4,5,3705,0.5,154,0,0,0,0,0,1,Flagship
1606,2,0.5,5,0,0,157,770,11,1,33,3437,0.9,200,1,1,0,0,1,1,Flagship
1059,11,2.4,3,8,18,1613,1916,15,13,61,3716,0.1,134,0,0,1,0,0,1,Flagship
1485,8,2.8,4,3,14,341,774,14,12,44,3271,0.1,138,0,0,1,0,1,1,Flagship
1831,13,1.4,5,2,5,611,1381,17,7,43,3834,0.9,150,1,0,1,1,0,1,Flagship
1695,14,2.3,5,1,10,713,1742,17,6,34,3296,0.4,84,1,0,0,0,0,0,Flagship
1119,7,0.5,4,0,1,821,915,7,4,23,3520,0.4,164,1,0,0,0,1,1,Flagship
1086,18,2.7,8,0,19,1874,1976,17,1,24,3930,0.1,135,0,0,1,1,1,1,Flagship
1526,8,1.1,5,2,6,798,1418,7,1,38,3317,0.3,116,1,0,1,1,1,1,Flagship
781,9,1.3,2,1,7,368,607,17,10,64,3862,0.2,88,1,1,0,0,0,0,Flagship
1494,9,1.6,1,4,17,979,1190,15,12,24,3614,0.2,101,1,0,0,0,1,1,Flagship
1589,18,1.4,8,3,16,1673,1759,16,8,26,3970,0.1,100,0,1,0,1,1,1,Flagship
1446,16,2.8,8,0,1,351,1769,8,0,18,3340,0.3,178,1,1,1,1,1,1,Flagship
1576,6,0.9,2,0,4,1213,1386,17,2,14,3220,0.4,173,1,1,1,0,1,1,Flagship
1276,8,2.9,2,2,3,217,735,19,10,53,3798,0.3,130,1,1,1,1,0,1,Flagship
1035,19,0.5,2,14,15,574,1171,12,4,49,3991,0.3,178,1,0,0,0,1,1,Flagship
1786,7,0.5,7,9,10,231,1671,9,3,58,2764,0.7,161,0,0,1,1,1,1,Flagship
1224,13,1.6,1,9,18,522,563,10,5,33,3796,1.0,157,0,1,1,0,0,1,Flagship
956,12,0.5,7,1,6,511,1075,17,8,41,3286,1.0,143,0,0,1,0,1,1,Flagship
1456,13,1.6,8,9,10,815,1666,6,3,39,3998,0.1,80,1,0,1,0,1,1,Flagship
1689,7,1.8,3,17,18,954,1200,7,2,24,2766,0.3,127,0,0,1,1,0,0,Flagship
1515,20,2.1,5,4,6,747,1247,6,5,24,3104,0.9,176,1,1,0,0,1,1,Flagship
946,4,2.6,3,17,20,1698,1771,15,7,5,3720,0.1,166,1,1,1,0,0,0,Flagship
1375,10,1.1,7,3,19,475,726,19,18,9,3869,0.9,145,0,1,1,1,1,1,Flagship
1542,16,2.3,2,1,11,346,966,14,4,43,3601,0.8,182,0,0,0,0,0,0,Flagship
1908,17,0.5,2,9,19,140,1046,19,17,30,2944,1.0,111,0,0,0,1,1,1,Flagship
1004,18,2.9,6,0,9,901,1162,17,8,35,3772,0.2,141,1,1,1,1,0,0,Flagship
1414,13,1.5,2,5,6,44,1118,16,12,44,3490,0.5,180,1,1,1,0,0,0,Flagship
1000,7,0.5,8,12,18,1537,1761,11,1,63,3744,0.7,179,0,1,0,1,0,0,Flagship
648,13,0.5,5,9,20,1153,1817,5,0,54,3124,0.4,109,1,1,0,0,1,1,Flagship
1617,18,2.6,6,14,20,283,676,13,1,29,3685,0.9,113,0,1,0,0,0,0,Flagship
1809,20,0.5,6,6,19,433,1661,12,6,23,2784,0.7,123,0,0,1,1,0,1,Flagship
936,12,0.5,3,14,17,150,1677,13,1,14,3761,0.1,164,1,0,0,0,1,1,Flagship
687,8,1.3,4,9,20,584,1151,14,6,50,3416,0.6,151,0,1,1,0,1,1,Flagship
970,12,1.3,7,5,19,1765,1786,12,0,59,3675,0.2,84,1,1,0,0,0,0,Flagship
805,9,0.8,6,1,2,1262,1538,18,11,34,3647,0.6,88,0,0,0,1,0,1,Flagship
1522,16,2.2,6,4,11,533,1696,15,9,21,3767,0.7,162,0,0,0,1,0,0,Flagship
1657,14,2.4,5,3,16,1770,1796,18,1,42,2597,0.1,198,0,1,0,0,0,1,Flagship
1485,11,0.9,5,0,1,371,1023,14,11,28,3241,0.8,158,1,1,1,0,1,1,Flagship
1369,18,1.8,1,6,7,553,727,18,4,34,3856,0.5,162,1,1,1,1,0,0,Flagship
808,12,0.5,4,0,1,618,1891,15,9,8,3762,0.1,192,1,0,0,1,0,1,Flagship
1868,7,2.0,1,0,4,347,660,8,3,42,3131,0.2,169,1,0,1,1,1,1,Flagship
1786,17,1.2,3,11,14,74,865,14,11,61,3033,0.1,123,0,0,1,0,0,0,Flagship
1982,15,1.1,7,12,16,764,1873,16,14,24,3511,0.1,129,0,0,1,1,0,1,Flagship
1770,14,2.3,6,0,5,1098,1373,13,10,9,3785,0.6,183,0,1,0,1,0,1,Flagship
1589,6,0.6,7,0,7,319,1206,19,10,58,3464,0.9,85,1,1,1,1,1,1,Flagship
956,7,1.9,7,1,11,403,1614,10,0,42,3700,0.1,133,1,0,1,0,0,1,Flagship
777,7,2.6,5,3,17,189,1143,14,10,30,3886,0.9,148,0,1,0,0,0,1,Flagship
781,5,1.1,5,2,7,304,1674,13,8,38,3508,0.4,198,0,0,0,1,0,0,Flagship
1827,7,0.8,7,4,9,253,1764,8,3,61,2693,0.9,130,0,1,1,1,0,0,Flagship
1834,16,2.1,4,7,11,0,1987,13,0,40,3692,0.1,99,0,0,1,0,1,1,Flagship
1398,11,1.6,1,8,12,755,1284,14,3,26,3488,0.8,150,1,0,1,0,1,1,Flagship
1563,5,2.4,8,0,0,142,1699,7,5,24,3660,0.2,170,0,0,1,0,1,1,Flagship
1317,5,1.8,5,2,3,179,613,16,13,43,3436,0.5,113,1,0,1,1,0,0,Flagship
1699,12,0.5,4,1,3,466,1768,17,10,59,3796,0.5,97,1,0,1,1,0,0,Flagship
1157,2,0.8,8,7,8,1694,1798,8,4,27,2885,0.1,88,0,1,0,1,0,1,Flagship
962,20,1.1,8,3,20,546,1424,14,3,17,3438,0.1,161,1,1,0,0,0,0,Flagship
1920,4,0.6,3,3,8,670,1152,13,0,19,3943,0.5,131,1,0,1,0,1,1,Flagship
1164,3,1.0,8,4,18,729,1704,15,3,19,3309,0.9,95,0,0,0,1,1,1,Flagship
1166,7,1.5,4,0,1,205,603,7,1,43,3993,0.8,80,1,0,1,0,1,1,Flagship
1883,20,0.5,6,3,13,836,1739,16,8,10,2600,0.3,146,0,1,0,0,1,1,Flagship
1347,14,0.9,6,8,15,961,1008,15,3,53,3836,0.8,108,1,0,0,1,1,1,Flagship
1972,17,1.2,2,0,1,715,1648,16,0,37,2870,0.7,102,1,0,0,0,0,0,Flagship
1253,8,0.7,4,0,10,161,647,7,3,34,3518,0.9,113,0,0,1,1,1,1,Flagship
1807,17,2.9,3,0,0,1221,1415,8,5,16,2921,0.2,125,0,1,1,0,0,0,Flagship
1712,19,1.4,7,1,12,747,1126,16,1,63,3652,0.5,137,0,0,0,0,0,1,Flagship
1408,3,2.1,5,10,14,613,1088,8,6,45,3952,0.9,89,1,1,0,1,0,0,Flagship
1949,20,1.3,5,0,1,839,1136,14,8,23,2478,0.1,101,1,0,0,0,0,1,Flagship
1976,3,2.6,4,6,19,652,1933,11,1,45,2470,1.0,136,1,1,0,0,0,0,Flagship
906,16,2.1,2,7,11,1102,1793,13,8,18,3412,0.1,136,1,0,0,0,0,1,Flagship
1184,14,1.5,1,1,6,519,1577,17,7,48,3315,0.6,191,1,0,1,1,1,1,Flagship
1727,7,2.1,7,2,8,1463,1992,19,13,63,2457,0.6,85,0,0,0,1,1,1,Flagship
1373,14,1.0,7,2,12,105,673,8,3,50,3800,0.2,127,1,1,0,0,0,1,Flagship
832,14,0.5,5,1,2,9,1944,12,5,5,3946,0.1,165,1,1,1,1,1,1,Flagship
612,3,1.9,7,6,7,1360,1891,8,4,16,3161,0.3,102,1,1,0,0,0,0,Flagship
1646,19,2.3,2,8,10,1725,1932,18,10,41,3339,0.2,185,0,1,1,0,1,1,Flagship
1911,5,0.9,8,1,3,868,1632,9,1,36,3057,0.7,108,1,0,1,0,1,1,Flagship
1263,10,1.4,2,1,2,409,644,18,13,32,3372,0.4,103,1,1,1,0,1,1,Flagship
843,20,1.8,5,0,6,981,1096,12,1,16,3673,0.1,166,1,0,0,1,0,1,Flagship
1490,7,0.5,8,4,8,1417,1464,17,9,64,3600,0.3,150,1,1,1,1,1,1,Flagship
1108,16,1.0,5,3,12,1298,1666,12,0,49,3254,0.7,140,0,0,0,0,0,1,Flagship
595,18,0.9,3,7,17,441,810,10,2,23,3752,0.1,121,1,0,1,0,1,1,Flagship
1476,6,0.5,2,0,2,1789,1972,15,10,43,3644,0.7,148,0,0,0,1,1,1,Flagship
1604,2,1.2,6,1,15,68,1042,7,2,6,3564,0.5,191,0,0,1,0,0,1,Flagship
1551,4,1.1,5,4,6,1738,1995,11,8,51,3844,0.1,88,0,0,1,0,0,0,Flagship
727,16,2.5,1,0,9,664,711,9,1,64,3654,0.2,193,1,1,1,0,1,1,Flagship
1035,5,2.7,5,1,15,757,1912,14,4,40,3548,0.2,157,0,1,1,1,0,0,Flagship
1444,10,2.1,7,9,16,624,917,14,9,38,3764,0.4,104,0,1,0,0,0,0,Flagship
1808,8,0.5,2,1,16,714,1208,9,1,31,2736,0.5,92,1,1,0,1,0,0,Flagship
1342,10,1.0,7,0,1,991,1638,15,5,31,2746,0.6,86,0,0,1,0,1,1,Flagship
916,14,2.6,4,0,12,188,992,13,0,36,1470,0.3,195,0,1,1,0,0,0,Entry-level
1607,14,1.1,2,6,8,776,1005,11,1,20,885,1.0,192,1,0,1,0,1,1,Entry-level
1949,19,1.4,7,7,11,951,1178,5,3,57,356,0.3,145,0,1,0,0,0,0,Entry-level
1549,9,1.8,4,0,4,167,990,7,3,62,799,0.7,91,1,1,0,1,0,1,Entry-level
1083,5,1.4,5,2,9,295,503,16,8,49,1338,0.8,156,1,1,1,1,1,1,Entry-level
759,2,2.5,2,3,8,110,1317,6,2,39,968,0.3,162,0,0,0,0,1,1,Entry-level
1447,20,0.5,2,3,5,963,1062,8,4,40,471,0.7,184,0,0,0,1,0,0,Entry-level
1195,17,2.0,4,1,9,163,1100,13,9,23,980,0.1,82,1,0,0,0,1,1,Entry-level
993,6,2.3,7,0,13,424,1639,14,1,16,1113,0.4,106,1,1,0,1,0,0,Entry-level
1515,20,2.6,3,0,1,1438,1593,14,4,56,262,0.9,184,0,0,1,0,1,1,Entry-level
1283,2,2.4,3,8,15,510,980,17,7,33,773,1.0,93,1,1,1,0,1,1,Entry-level
513,9,0.5,4,6,12,619,867,5,1,44,1343,0.1,186,0,1,1,0,1,1,Entry-level
685,4,0.5,7,2,10,433,648,14,8,29,728,0.8,93,0,0,0,1,0,0,Entry-level
848,15,2.8,7,1,3,7,1294,10,6,8,436,0.1,103,0,1,1,1,0,1,Entry-level
657,11,1.9,8,2,8,705,1905,6,1,21,783,0.1,110,1,1,1,0,0,1,Entry-level
708,16,1.9,7,0,1,206,620,10,6,26,1419,0.3,116,0,0,1,1,0,1,Entry-level
691,15,2.7,4,4,8,951,962,5,3,33,424,0.9,108,1,1,1,1,1,1,Entry-level
1568,6,0.5,8,16,20,413,654,5,1,33,508,1.0,150,0,1,1,1,0,1,Entry-level
1616,2,2.3,5,3,8,151,1133,7,3,52,657,0.1,100,1,1,1,0,0,1,Entry-level
1061,9,2.1,7,3,4,138,1330,16,12,52,999,0.1,109,0,1,1,0,1,1,Entry-level
574,2,2.0,6,0,2,382,1364,8,4,26,1303,0.5,118,1,1,0,1,1,1,Entry-level
904,16,2.7,6,4,7,1094,1496,19,18,19,545,0.6,147,1,0,0,0,0,0,Entry-level
999,5,1.8,4,0,1,20,745,17,10,27,1344,0.1,167,1,1,0,0,1,1,Entry-level
852,20,1.8,5,5,9,683,1349,7,6,8,315,0.8,160,1,0,0,0,1,1,Entry-level
606,7,2.5,4,1,2,465,1152,19,12,53,1223,0.2,146,0,0,0,0,1,1,Entry-level
837,20,2.4,5,1,15,638,1831,16,6,51,594,0.2,104,1,0,0,1,0,1,Entry-level
1617,10,1.3,2,3,4,246,1038,9,0,30,829,0.7,105,1,1,0,0,1,1,Entry-level
1190,19,2.2,6,9,10,1417,1441,9,3,47,624,0.3,186,1,1,1,1,0,1,Entry-level
808,11,1.9,6,7,14,496,974,13,4,20,1471,0.8,185,0,0,1,0,0,0,Entry-level
574,19,3.0,2,1,3,94,1334,5,3,30,1167,0.9,126,0,1,0,0,1,1,Entry-level
1897,3,3.0,8,1,2,1311,1935,17,6,21,273,0.5,192,0,0,1,1,1,1,Entry-level
1154,7,1.2,8,0,2,541,1499,5,3,49,978,0.2,181,1,0,0,1,1,1,Entry-level
793,3,1.9,8,0,2,15,1196,11,9,43,1050,0.3,124,1,1,1,1,1,1,Entry-level
958,19,1.6,1,9,12,730,751,10,4,60,1417,0.4,200,0,1,0,1,1,1,Entry-level
1528,14,2.4,8,2,3,306,564,15,0,37,733,0.2,156,0,0,1,0,0,1,Entry-level
605,4,1.0,3,8,16,160,1026,15,6,9,392,0.1,142,0,0,0,0,1,1,Entry-level
946,6,1.4,6,9,10,273,891,7,3,26,1637,0.1,186,0,1,0,1,0,1,Entry-level
720,3,0.9,4,12,14,366,1234,14,7,14,1086,0.8,165,1,1,1,0,1,1,Entry-level
1498,12,1.2,4,0,1,111,1167,14,12,14,577,0.1,191,1,1,1,0,1,1,Entry-level
1296,4,0.9,5,0,3,811,1272,7,1,14,490,0.5,124,1,0,1,1,1,1,Entry-level
688,8,1.5,3,0,2,271,869,5,2,2,391,1.0,89,0,1,1,1,0,1,Entry-level
1066,11,3.0,5,6,7,53,1504,8,7,5,1044,0.5,167,1,0,0,0,1,1,Entry-level
1058,16,1.5,4,2,14,493,1247,9,7,19,418,0.4,166,0,0,0,1,0,0,Entry-level
875,6,0.7,7,2,7,300,1316,14,5,23,756,0.1,110,0,0,0,0,0,0,Entry-level
1189,13,2.3,3,13,14,379,932,9,6,8,893,0.5,198,0,1,1,0,0,1,Entry-level
1201,3,0.5,6,1,5,1151,1723,11,4,10,726,0.4,198,0,1,1,0,1,1,Entry-level
600,9,0.5,5,0,2,320,747,18,0,14,1655,0.8,112,0,0,0,0,0,0,Entry-level
581,13,0.6,2,5,10,523,565,10,4,56,354,0.2,180,0,0,1,1,1,1,Entry-level
674,4,2.9,3,1,4,576,1809,6,3,21,1180,0.2,198,1,1,1,1,0,1,Entry-level
1043,8,2.7,8,3,17,887,893,5,3,29,1183,0.2,83,0,0,0,0,0,1,Entry-level
1218,5,1.8,3,1,4,229,616,17,0,14,398,0.5,147,1,0,0,0,1,1,Entry-level
1083,19,1.0,2,6,20,925,1469,19,18,52,681,0.9,126,0,0,1,1,0,1,Entry-level
1063,5,2.5,6,0,10,295,935,16,6,31,961,0.9,95,0,1,1,0,1,1,Entry-level
730,4,2.1,8,0,2,302,1247,19,15,4,1210,0.1,89,1,0,1,1,1,1,Entry-level
648,4,1.8,4,1,4,931,1811,10,3,60,819,0.1,195,0,1,0,0,1,1,Entry-level
561,4,2.1,3,7,13,1055,1294,10,0,2,665,0.1,193,1,1,1,0,1,1,Entry-level
1902,18,2.8,8,6,9,1142,1393,11,8,50,343,0.8,124,1,0,1,0,0,0,Entry-level
539,3,2.0,4,1,2,958,967,7,4,24,1326,0.5,86,1,0,1,0,0,1,Entry-level
1472,11,3.0,2,4,6,443,892,6,1,20,797,0.3,169,0,0,1,0,1,1,Entry-level
1554,19,2.7,5,3,12,319,1367,12,3,47,509,0.7,185,1,0,0,0,1,1,Entry-level
867,3,1.4,6,0,1,70,1974,13,6,4,790,0.7,135,1,0,1,0,1,1,Entry-level
934,9,1.1,5,7,12,1111,1463,12,7,24,1017,0.8,112,0,0,0,1,0,0,Entry-level
1617,7,2.4,1,8,9,743,1426,5,3,36,296,0.8,85,0,1,0,0,1,1,Entry-level
1678,19,2.3,1,11,14,418,1763,5,3,7,574,0.5,192,1,1,0,0,0,1,Entry-level
1462,13,1.7,7,1,18,91,1478,15,5,25,824,0.2,182,1,1,0,1,0,1,Entry-level
921,6,0.6,2,1,3,1211,1229,10,0,60,1080,0.1,83,1,0,0,1,0,0,Entry-level
594,17,2.6,5,1,2,407,528,17,5,27,708,0.1,196,0,1,1,1,0,0,Entry-level
1387,11,0.5,3,0,0,785,1151,5,3,61,629,0.5,98,0,0,1,0,1,1,Entry-level
541,12,2.3,8,4,17,1012,1226,11,2,51,403,0.4,200,0,1,0,0,0,0,Entry-level
1430,17,0.9,3,3,5,569,906,17,8,56,752,0.1,179,0,1,0,1,0,0,Entry-level
1188,7,1.5,6,0,2,1150,1469,12,7,54,485,0.3,198,1,1,1,0,0,0,Entry-level
984,16,0.5,3,3,20,531,707,18,15,9,841,0.8,140,1,0,0,0,1,1,Entry-level
672,20,0.6,5,13,20,724,1127,14,10,61,1457,0.1,194,1,1,0,1,0,1,Entry-level
675,13,2.3,5,10,15,192,757,7,0,60,1735,0.9,144,0,0,0,1,0,1,Entry-level
1052,11,0.9,4,1,16,1191,1839,6,1,6,552,0.8,195,0,0,0,1,0,0,Entry-level
1800,18,3.0,1,5,12,191,1108,14,10,53,656,0.3,87,0,1,0,1,0,0,Entry-level
920,5,2.1,7,5,14,209,1078,10,7,25,785,0.4,115,1,0,1,1,0,0,Entry-level
1146,11,3.0,5,5,10,73,583,19,9,57,291,0.4,111,0,0,1,1,1,1,Entry-level
1062,11,0.5,4,3,4,571,817,16,0,39,1345,0.9,124,0,0,0,1,1,1,Entry-level
880,6,2.0,7,1,3,1116,1381,15,9,50,827,0.5,194,1,0,0,1,1,1,Entry-level
832,12,1.6,5,1,5,311,1294,15,13,34,447,0.3,108,1,0,1,0,1,1,Entry-level
1721,5,0.5,4,4,5,871,1048,19,2,33,707,0.5,128,1,1,1,1,1,1,Entry-level
1174,16,0.9,4,7,20,744,1244,17,14,30,804,1.0,147,0,1,1,1,0,0,Entry-level
1591,14,2.2,3,4,16,548,1641,10,9,52,282,1.0,161,1,1,1,1,1,1,Entry-level
1027,14,0.8,7,7,11,338,534,7,4,18,1234,1.0,146,0,1,0,1,0,1,Entry-level
637,8,2.3,4,3,4,1125,1989,18,4,60,374,0.8,97,0,0,0,1,1,1,Entry-level
875,15,0.7,8,1,8,469,853,19,15,30,702,0.7,146,1,1,1,1,0,1,Entry-level
1194,19,2.3,2,6,12,494,509,15,1,34,313,0.2,165,0,0,1,0,1,1,Entry-level
1686,5,0.5,5,4,8,599,1073,11,10,28,780,0.8,182,1,1,0,0,0,0,Entry-level
1264,3,2.9,3,2,3,562,849,7,4,34,419,0.2,171,1,0,1,1,1,1,Entry-level
1087,6,1.3,3,0,9,295,589,14,6,16,690,0.3,166,0,0,0,1,1,1,Entry-level
739,6,2.3,3,2,4,1052,1536,7,6,58,475,0.1,88,1,1,0,1,1,1,Entry-level
1330,11,1.3,5,14,17,980,1262,14,6,3,463,0.3,83,1,1,0,1,0,0,Entry-level
1935,6,0.5,5,0,9,806,860,9,2,29,455,0.6,124,0,0,0,1,1,1,Entry-level
799,6,2.3,8,1,6,361,975,15,6,63,431,0.8,144,0,1,1,1,1,1,Entry-level
538,9,0.8,7,12,13,235,662,8,4,2,417,0.8,177,0,0,0,1,1,1,Entry-level
1300,10,0.5,6,5,7,219,1037,15,3,62,874,0.1,156,0,1,1,0,0,1,Entry-level
1530,19,2.0,6,11,13,454,1975,11,10,42,725,0.8,177,0,0,0,1,0,0,Entry-level
1510,5,2.5,2,11,13,118,1170,18,6,47,887,0.7,138,1,1,0,0,0,0,Entry-level
1991,10,2.2,1,1,13,366,613,6,5,42,722,0.7,82,1,0,1,0,1,1,Entry-level
1049,13,2.2,5,9,17,199,1077,11,3,63,1022,0.5,135,0,1,0,0,0,0,Entry-level
850,10,1.6,5,6,19,404,642,19,17,29,593,0.5,133,1,1,0,1,1,1,Entry-level
986,18,0.8,4,13,20,199,679,8,7,28,1149,0.8,182,0,1,1,0,1,1,Entry-level
797,6,2.9,4,4,6,763,1413,9,2,38,590,0.5,90,1,1,1,0,0,0,Entry-level
713,9,0.9,1,0,14,1048,1123,12,10,42,928,0.1,94,1,0,0,1,0,0,Entry-level
550,8,0.5,2,16,17,486,1930,18,5,23,302,0.1,145,0,1,0,0,1,1,Entry-level
1097,12,1.4,1,0,17,405,519,15,12,60,509,0.8,181,0,0,0,0,0,1,Entry-level
825,14,1.5,3,11,18,540,783,11,4,38,716,0.4,94,0,1,1,0,0,0,Entry-level
660,18,0.5,2,5,10,262,1178,6,5,40,588,0.5,111,0,0,1,1,1,1,Entry-level
685,18,2.7,6,7,20,725,870,8,0,17,1223,0.3,174,0,0,0,1,0,1,Entry-level
873,7,0.5,7,6,9,1257,1411,15,8,8,575,0.6,152,1,1,0,1,0,1,Entry-level
1066,6,0.6,7,2,18,1242,1571,19,13,7,468,0.9,114,0,0,1,0,1,1,Entry-level
1794,14,0.5,7,5,7,43,627,14,7,55,402,0.5,86,1,1,0,1,1,1,Entry-level
1546,16,1.6,2,2,6,1138,1491,12,10,27,267,0.7,124,1,1,1,0,1,1,Entry-level
645,13,1.2,8,6,17,741,1130,18,2,41,714,0.7,184,0,0,1,0,1,1,Entry-level
740,19,1.8,1,1,11,935,1147,7,6,12,1105,0.2,123,0,0,1,1,0,0,Entry-level
950,13,0.5,5,9,10,774,843,14,12,55,1095,0.1,156,0,1,1,0,0,0,Entry-level
728,16,2.3,4,4,5,126,817,17,10,23,457,0.8,111,1,0,1,1,0,1,Entry-level
726,8,2.9,8,0,0,666,760,17,2,43,1446,0.1,101,0,0,1,0,0,1,Entry-level
1438,9,2.2,7,0,6,683,1663,19,13,32,869,0.6,176,0,0,1,1,1,1,Entry-level
1224,14,1.8,2,2,9,622,709,11,4,44,621,0.2,139,1,1,1,1,1,1,Entry-level
555,3,0.5,5,2,12,956,1010,19,14,17,343,0.2,163,1,1,1,1,0,0,Entry-level
525,3,2.4,7,11,20,82,670,16,11,35,1609,0.8,190,1,0,0,0,0,0,Entry-level
1514,15,1.4,3,3,4,306,538,15,3,12,1037,0.6,138,0,1,0,1,1,1,Entry-level
912,6,0.7,3,3,6,724,794,7,2,47,1321,0.9,182,0,0,1,1,0,0,Entry-level
644,15,2.7,8,0,3,311,881,12,1,22,1262,0.7,157,0,1,0,0,0,1,Entry-level
703,7,2.7,1,12,20,218,1065,14,7,30,1472,0.3,113,0,1,0,0,1,1,Entry-level
1835,14,2.3,7,4,13,385,583,18,17,11,448,0.1,193,0,1,0,0,1,1,Entry-level
548,8,1.0,4,0,14,657,1657,17,14,56,562,0.4,146,1,0,1,1,1,1,Entry-level
1174,3,0.7,2,1,8,1097,1461,19,7,25,285,0.8,91,1,0,0,1,1,1,Entry-level
1727,6,2.1,6,10,18,376,1288,5,2,57,512,0.3,158,1,1,0,0,0,0,Entry-level
1362,18,0.5,7,3,9,553,1505,7,6,25,995,0.8,131,0,0,1,1,0,0,Entry-level
965,10,1.5,2,5,14,130,998,9,8,13,1138,1.0,109,1,1,1,0,0,0,Entry-level
768,16,0.9,1,16,20,418,515,19,3,56,952,0.1,113,0,1,0,1,1,1,Entry-level
1703,17,0.5,6,5,7,134,521,7,3,23,793,0.2,92,0,1,1,0,1,1,Entry-level
919,17,0.5,1,11,15,275,570,8,4,13,1028,0.3,159,1,0,0,0,0,1,Entry-level
1310,8,2.3,8,6,9,449,889,16,0,57,1175,0.9,135,1,1,0,0,0,0,Entry-level
1137,17,2.2,5,6,7,1250,1285,15,14,3,316,0.9,173,0,0,0,0,1,1,Entry-level
713,4,1.6,8,7,9,1211,1378,10,6,2,485,0.4,181,0,1,1,1,1,1,Entry-level
794,19,0.5,6,0,14,1222,1890,13,4,2,668,0.8,106,1,1,1,0,1,1,Entry-level
1327,4,2.8,7,10,16,441,1721,7,5,23,872,0.5,89,0,0,1,1,0,1,Entry-level
1602,20,2.8,3,4,20,466,788,8,7,38,1037,0.7,114,1,1,0,0,1,1,Entry-level
816,15,0.5,3,4,13,149,558,17,10,14,1018,0.9,198,0,1,0,0,0,1,Entry-level
1043,6,0.5,3,7,8,716,1626,16,9,42,912,0.1,111,0,1,1,0,0,0,Entry-level
1486,15,2.6,4,7,15,1430,1747,13,1,52,297,0.1,85,0,0,1,0,0,0,Entry-level
871,17,0.6,3,2,3,194,1437,14,7,52,437,0.1,178,0,0,0,0,0,1,Entry-level
530,6,2.4,6,1,20,48,1012,17,7,32,959,0.3,88,0,0,1,0,0,0,Entry-level
1195,19,1.1,6,2,6,327,1001,14,2,8,643,0.9,80,1,1,0,0,1,1,Entry-level
1130,10,0.5,1,1,14,593,1327,6,1,29,432,0.7,130,1,1,1,1,1,1,Entry-level
1359,4,0.5,6,1,3,446,901,16,8,58,1076,0.5,107,1,1,1,1,1,1,Entry-level
1719,5,2.0,8,0,7,240,904,6,3,12,462,0.3,122,0,1,0,0,0,0,Entry-level
1524,16,2.6,2,5,12,629,635,11,4,57,947,0.5,124,1,0,1,1,0,0,Entry-level
835,15,1.1,4,2,7,323,1604,13,5,7,1181,0.2,101,1,0,1,1,0,1,Entry-level
879,2,2.5,6,11,15,403,1105,16,10,14,349,0.7,83,0,1,0,1,1,1,Entry-level
511,8,0.6,3,12,16,140,622,9,7,50,1484,0.1,175,1,1,0,0,0,1,Entry-level
969,19,2.4,7,0,0,491,589,18,5,45,404,0.3,124,0,0,0,1,0,1,Entry-level
1261,14,0.5,4,0,0,858,1591,14,9,11,348,0.2,90,1,1,0,1,1,1,Entry-level
1689,17,2.4,2,0,9,521,674,12,11,13,1172,0.9,168,1,1,1,1,1,1,Entry-level
704,10,2.7,1,8,10,1108,1509,9,3,29,1122,0.2,80,0,1,1,1,1,1,Entry-level
977,8,1.1,6,2,7,63,566,7,1,57,1206,0.6,181,1,1,1,1,0,0,Entry-level
721,8,0.5,4,6,9,1446,1988,8,4,6,530,0.4,194,1,0,0,1,1,1,Entry-level
1290,8,1.4,4,19,20,405,742,16,2,35,879,0.3,110,1,1,0,0,1,1,Entry-level
768,7,0.5,2,0,1,637,991,19,1,19,1145,0.9,159,1,0,0,1,0,0,Entry-level
504,16,2.8,3,0,0,626,1195,6,0,40,470,0.5,178,1,0,0,0,0,1,Entry-level
1239,6,1.2,2,5,10,590,661,8,0,52,417,0.9,122,1,0,0,1,1,1,Entry-level
1802,3,2.7,7,0,9,253,590,14,7,10,696,0.6,101,1,0,1,0,1,1,Entry-level
1277,14,3.0,4,0,3,902,1090,9,4,41,429,0.3,200,0,0,1,1,1,1,Entry-level
1432,10,1.7,4,6,18,209,947,14,4,39,504,0.3,164,1,1,1,0,1,1,Entry-level
1571,13,1.4,6,0,1,713,1398,12,10,19,666,0.1,100,0,0,1,0,1,1,Entry-level
1933,18,2.8,3,1,9,229,1473,14,2,16,838,0.5,154,1,0,1,0,0,0,Entry-level
741,9,1.5,5,1,13,334,594,19,11,14,1886,0.3,178,0,0,1,1,0,1,Entry-level
1179,18,0.8,5,1,17,913,1429,8,7,5,543,0.9,154,0,1,0,1,0,0,Entry-level
1380,15,2.1,3,1,13,420,500,13,2,4,797,0.8,92,1,1,1,0,1,1,Entry-level
1403,18,2.5,4,3,13,217,1623,14,13,62,921,0.9,90,1,1,0,0,0,1,Entry-level
530,2,2.6,6,1,2,818,1090,16,11,40,1229,0.9,118,0,1,1,0,0,0,Entry-level
1702,3,0.5,6,8,19,921,1351,12,9,2,435,0.6,185,1,1,1,1,0,0,Entry-level
1266,3,2.6,7,1,2,1187,1595,16,8,18,398,0.4,86,0,0,1,1,0,1,Entry-level
592,4,0.8,7,1,10,332,970,5,0,52,1507,0.9,103,1,0,0,1,0,0,Entry-level
1697,11,0.5,4,0,0,88,1046,15,1,60,441,0.1,90,0,0,1,0,1,1,Entry-level
823,17,2.7,8,13,19,822,1449,14,11,60,905,0.5,148,1,1,1,1,0,1,Entry-level
851,14,2.3,2,7,9,788,1007,12,2,54,1005,1.0,101,1,0,0,1,1,1,Entry-level
1763,13,0.5,3,12,19,238,1893,17,12,10,792,0.2,184,1,0,0,1,0,1,Entry-level
1715,13,1.9,5,4,6,79,1652,7,4,3,514,0.1,171,0,0,0,0,1,1,Entry-level
1236,20,0.9,1,2,14,517,809,14,12,57,1406,0.1,188,1,0,0,1,1,1,Entry-level
1547,3,2.9,2,6,8,583,590,12,2,45,505,0.7,166,1,0,1,1,0,0,Entry-level
657,18,2.5,2,0,1,476,961,14,3,37,1412,0.7,141,0,0,1,0,0,0,Entry-level
1901,12,0.5,2,5,17,3,1662,5,1,41,368,0.6,131,0,1,0,0,1,1,Entry-level
709,5,1.9,8,11,15,570,1422,17,11,13,467,0.1,81,0,0,1,1,1,1,Entry-level
841,11,0.5,5,6,14,125,675,6,5,11,957,0.3,81,0,0,1,0,1,1,Entry-level
1271,14,0.5,7,12,15,1350,1949,15,14,32,445,0.1,113,0,1,0,1,0,0,Entry-level
717,20,1.1,8,2,6,1878,1981,16,15,14,629,0.1,99,1,0,0,0,1,1,Entry-level
1062,9,1.5,3,3,4,798,1435,14,2,45,911,0.2,151,0,0,0,0,0,0,Entry-level
558,8,2.8,5,1,4,997,1605,10,5,49,392,0.8,142,0,1,1,1,1,1,Entry-level
1597,9,2.3,1,11,14,64,1667,16,10,34,934,0.4,89,0,0,1,0,0,0,Entry-level
1189,11,1.9,2,5,20,79,615,13,10,7,841,0.5,164,0,1,1,0,0,0,Entry-level
557,3,1.6,3,0,0,1131,1315,12,8,24,1305,0.5,125,0,1,0,1,0,1,Entry-level
649,2,1.4,7,4,12,344,1551,18,1,19,739,0.8,190,0,1,1,0,1,1,Entry-level
1703,13,0.5,1,0,0,286,1235,5,4,22,1046,0.6,192,0,1,0,1,1,1,Entry-level
504,10,1.0,7,8,9,881,1129,15,0,14,1607,0.5,189,0,1,1,1,0,1,Entry-level
1969,10,1.2,4,9,11,390,756,10,1,63,298,0.2,132,1,0,1,0,0,1,Entry-level
717,15,0.5,1,4,5,217,1106,10,7,10,688,0.6,198,1,1,1,0,0,0,Entry-level
1489,8,2.4,1,8,16,172,812,7,6,32,776,0.6,200,1,0,0,0,0,0,Entry-level
742,7,2.3,8,0,1,875,925,11,8,21,331,0.7,104,0,1,0,0,0,1,Entry-level
1219,6,1.0,5,0,4,473,1022,11,3,17,705,0.7,196,1,0,1,1,0,0,Entry-level
914,5,0.9,2,2,12,191,1495,11,7,4,808,0.8,100,0,1,1,0,0,1,Entry-level
733,2,2.1,7,5,10,445,1409,15,8,7,1403,0.2,174,0,0,1,0,1,1,Entry-level
1365,13,0.6,4,0,0,293,970,14,7,31,1300,0.3,125,0,0,0,1,1,1,Entry-level
1006,7,2.2,4,4,8,35,991,18,4,22,909,0.8,135,1,0,0,1,1,1,Entry-level
874,15,1.3,1,5,20,442,1248,6,4,8,582,0.5,185,0,0,0,0,0,0,Entry-level
1659,9,2.5,7,2,18,787,1515,12,0,41,545,0.1,88,0,1,1,1,0,0,Entry-level
1571,4,2.9,7,1,3,805,956,10,9,30,586,0.9,150,0,0,1,1,0,0,Entry-level
689,16,2.9,2,3,6,487,722,9,0,7,1241,0.8,147,1,0,0,0,1,1,Entry-level
1971,17,0.5,7,0,19,485,922,8,7,40,571,0.3,186,1,1,1,0,0,1,Entry-level
728,5,1.7,2,0,20,584,775,16,0,5,834,0.6,101,1,0,1,0,1,1,Entry-level
1944,3,0.6,7,9,10,634,1079,19,13,59,769,0.2,132,1,0,0,1,1,1,Entry-level
1220,15,2.8,7,1,20,383,1249,6,4,54,1037,0.7,109,0,1,0,0,0,1,Entry-level
805,17,0.7,4,0,14,641,704,11,6,64,418,0.1,97,0,1,1,1,0,0,Entry-level
1358,13,1.7,3,0,1,889,1635,14,10,60,440,0.6,147,0,0,0,0,0,1,Entry-level
942,13,1.4,4,8,9,754,1532,6,3,27,587,0.5,91,1,0,1,1,0,0,Entry-level
909,4,0.5,3,9,10,290,773,12,0,30,594,0.4,97,1,1,1,1,0,1,Entry-level
1318,9,2.4,2,1,7,183,661,18,3,45,755,0.1,136,0,1,0,1,1,1,Entry-level
1242,19,2.4,4,8,9,315,1796,11,10,28,318,0.2,166,0,1,0,0,0,1,Entry-level
568,9,2.0,3,1,4,181,1703,17,9,36,950,0.3,179,0,0,0,0,0,1,Entry-level
672,6,0.5,8,7,17,574,1267,16,7,35,1403,0.1,99,0,0,0,0,1,1,Entry-level
1954,5,0.5,4,0,0,512,1149,16,3,24,700,0.8,187,1,0,1,1,0,1,Entry-level
1165,15,2.4,6,11,12,564,831,19,12,41,764,0.2,178,0,1,0,0,0,1,Entry-level
912,4,2.8,4,6,11,995,1310,8,4,46,851,0.4,84,1,1,1,1,1,1,Entry-level
1224,11,0.5,6,16,18,747,826,10,0,6,506,0.4,109,0,0,1,1,1,1,Entry-level
1587,4,0.5,8,0,15,299,874,17,4,50,461,0.9,148,0,1,0,1,0,1,Entry-level
674,4,2.8,3,0,0,750,772,18,6,8,589,0.2,93,1,1,1,0,1,1,Entry-level
1034,7,2.6,3,2,4,182,1293,15,1,45,969,0.3,190,1,0,0,0,1,1,Entry-level
1095,10,0.5,1,4,5,179,1247,9,1,45,560,0.5,197,0,1,1,0,0,1,Entry-level
772,15,1.2,7,7,8,552,1802,7,6,8,422,0.6,134,1,1,0,0,1,1,Entry-level
1973,3,2.4,4,6,10,699,851,6,0,46,639,0.1,193,1,1,0,1,0,0,Entry-level
1558,17,2.5,5,2,3,322,1385,16,5,32,878,0.1,114,0,1,1,1,1,1,Entry-level
1650,2,2.3,1,0,1,773,881,14,10,38,324,0.7,89,0,0,1,1,1,1,Entry-level
1191,8,2.4,1,2,7,179,1813,14,6,13,1028,0.9,169,1,0,1,1,0,1,Entry-level
535,4,1.9,8,5,19,398,1775,9,3,24,524,0.2,190,0,0,0,0,0,0,Entry-level
1205,14,0.5,4,3,6,573,614,14,1,12,860,0.6,175,1,0,0,1,0,1,Entry-level
1308,9,1.3,1,8,12,275,989,5,3,46,488,0.9,199,1,0,1,0,0,0,Entry-level
1251,11,0.5,6,10,16,308,591,11,9,29,1052,0.7,133,1,0,0,0,1,1,Entry-level
818,7,1.3,6,14,15,111,510,12,6,43,546,0.9,177,0,0,1,1,0,1,Entry-level
1268,20,2.9,6,9,17,360,912,11,5,42,931,0.9,182,0,1,1,0,1,1,Entry-level
783,6,1.7,6,9,11,458,1263,15,4,27,1185,0.3,150,1,1,1,1,1,1,Entry-level
763,8,1.7,8,8,14,1028,1186,6,4,2,1050,0.5,92,1,0,1,0,1,1,Entry-level
1002,18,1.8,7,1,7,948,1007,19,13,45,1234,0.7,180,0,1,1,0,0,1,Entry-level
1512,19,0.9,5,4,5,336,670,18,10,46,869,0.1,145,0,0,1,1,1,1,Entry-level
1130,16,2.5,5,4,14,88,1261,17,1,58,1018,0.1,132,0,1,0,0,1,1,Entry-level
514,20,0.7,3,4,7,168,1320,6,0,57,687,0.1,186,0,1,1,1,0,1,Entry-level
1496,7,2.0,5,4,5,96,741,16,0,42,854,0.5,182,1,1,1,1,0,0,Entry-level
1633,7,1.7,2,3,19,146,906,9,0,33,511,0.9,111,1,0,1,0,1,1,Entry-level
1049,6,0.6,6,8,10,39,1564,10,7,2,433,0.3,172,1,0,0,0,1,1,Entry-level
1150,11,2.7,8,0,1,397,800,6,2,39,999,0.4,151,0,1,1,0,0,1,Entry-level
984,13,0.5,7,13,17,1036,1611,16,8,42,898,0.8,98,0,1,1,0,1,1,Entry-level
769,20,0.5,4,12,19,1385,1780,15,8,54,941,0.2,112,1,0,0,1,1,1,Entry-level
1414,8,2.6,4,1,20,804,1564,5,2,27,312,0.6,137,0,0,0,1,0,0,Entry-level
1939,18,2.8,4,0,10,320,520,14,10,55,1047,0.6,199,1,1,1,0,1,1,Entry-level
1379,7,2.1,1,14,17,207,1370,9,6,63,651,1.0,83,1,1,1,0,1,1,Entry-level
665,15,0.7,5,0,2,496,1804,5,2,31,690,0.1,185,0,1,0,0,1,1,Entry-level
1067,16,1.7,7,0,0,79,681,12,9,58,706,0.5,135,1,1,1,0,0,0,Entry-level
1445,20,0.5,7,0,14,386,836,17,1,53,1099,0.7,174,0,1,0,0,0,1,Entry-level
1142,5,1.4,8,6,8,534,855,12,4,6,663,0.7,190,1,1,1,1,0,0,Entry-level
950,4,0.5,8,6,7,86,1681,6,5,55,1305,0.1,124,0,0,0,1,1,1,Entry-level
1414,14,0.5,2,0,0,294,1233,18,6,15,1069,0.8,168,0,0,0,0,1,1,Entry-level
1959,8,0.5,6,5,20,65,1055,7,4,18,619,0.7,191,1,0,1,1,0,1,Entry-level
1114,17,2.8,3,4,15,1040,1071,10,7,9,907,0.4,197,0,0,1,0,1,1,Entry-level
1425,6,1.2,8,9,14,150,1897,13,2,35,590,0.7,127,0,0,1,1,1,1,Entry-level
771,10,0.5,3,0,17,776,1247,16,2,33,920,0.1,157,1,1,1,1,1,1,Entry-level
915,12,1.1,8,6,17,532,1448,19,10,56,905,0.6,187,0,0,1,0,0,0,Entry-level
1104,3,1.7,2,1,13,653,1413,6,0,60,1229,0.4,199,0,0,1,1,1,1,Entry-level
1160,15,1.1,3,1,2,762,859,18,4,63,595,0.7,166,0,0,0,1,1,1,Entry-level
914,2,0.5,4,0,0,706,721,12,9,26,1122,0.7,147,0,1,1,1,1,1,Entry-level
1343,11,2.4,8,5,10,1063,1205,18,7,14,462,0.9,81,1,0,1,1,1,1,Entry-level
1289,11,0.9,6,10,12,765,899,6,2,25,1043,1.0,178,0,0,1,0,1,1,Entry-level
1907,17,2.0,7,13,15,713,1513,14,4,55,286,0.9,105,0,0,0,1,0,1,Entry-level
535,18,1.5,1,1,4,290,811,11,10,48,740,0.7,113,0,0,1,0,1,1,Entry-level
1068,12,0.5,8,0,9,322,875,19,12,19,1209,0.9,197,1,0,1,0,1,1,Entry-level
856,10,1.1,6,14,19,1057,1931,17,0,19,650,0.7,125,1,1,0,1,1,1,Entry-level
1678,10,2.1,3,3,11,436,536,19,0,64,278,0.9,134,0,0,1,0,1,1,Entry-level
1744,14,2.8,1,0,0,621,1558,10,6,62,345,0.7,158,0,0,0,0,1,1,Entry-level
1447,8,2.5,8,2,16,737,1455,12,11,9,568,0.2,155,1,1,0,0,0,0,Entry-level
1081,6,2.5,3,13,17,284,519,9,1,49,325,1.0,99,1,1,0,1,0,0,Entry-level
627,14,1.8,3,2,8,211,507,17,6,20,896,0.8,142,0,0,0,0,0,0,Entry-level
1910,10,1.7,2,0,0,985,1284,8,4,34,309,0.6,115,0,1,0,1,0,0,Entry-level
1254,16,1.2,2,2,10,1288,1372,14,1,27,817,0.2,134,0,1,1,1,1,1,Entry-level
1661,9,1.4,2,0,0,536,861,9,2,29,591,0.3,119,0,1,1,1,0,1,Entry-level
1053,14,2.9,6,7,17,419,1261,17,0,42,1339,0.9,126,0,0,0,1,0,0,Entry-level
826,7,0.5,2,0,0,354,530,17,3,57,323,0.5,135,1,0,0,1,1,1,Entry-level
1791,16,0.5,5,1,4,371,682,17,8,33,594,0.5,110,1,1,0,1,1,1,Entry-level
1837,15,0.5,4,9,20,786,872,14,1,36,770,0.9,162,0,0,0,1,0,0,Entry-level
819,15,2.5,8,0,1,438,822,10,5,11,1094,0.2,83,1,1,0,0,1,1,Entry-level
503,16,2.5,6,3,11,778,1291,11,8,57,305,0.6,185,0,0,0,1,0,0,Entry-level
1671,10,0.5,8,13,18,398,1263,16,6,5,815,0.9,179,1,0,1,1,0,1,Entry-level
864,10,1.6,6,0,1,262,1436,18,9,53,493,0.3,88,1,0,1,0,1,1,Entry-level
1851,14,1.9,6,3,11,293,1967,7,6,12,735,0.9,198,1,1,0,1,1,1,Entry-level
545,19,0.5,3,0,1,381,1452,15,6,11,616,0.3,131,0,0,1,1,1,1,Entry-level
1355,8,2.3,5,10,16,651,891,19,4,23,880,0.2,132,0,0,1,0,1,1,Entry-level
1948,10,2.9,1,4,13,651,700,6,1,5,361,0.2,136,1,0,1,0,0,0,Entry-level
1171,8,1.7,7,2,19,248,755,6,5,19,263,0.3,167,1,1,0,0,0,0,Entry-level
1645,20,1.8,7,1,2,897,1308,10,8,21,783,0.7,123,0,1,0,0,0,1,Entry-level
686,19,0.5,6,11,15,1109,1392,7,6,3,570,0.3,91,0,1,1,0,0,0,Entry-level
1540,5,0.7,7,0,1,318,831,11,8,29,1161,0.1,157,1,0,0,0,1,1,Entry-level
742,6,0.5,3,0,1,1161,1288,8,0,36,292,0.7,139,0,1,1,1,1,1,Entry-level
1469,3,2.1,7,0,0,398,1133,8,1,8,1052,0.7,123,0,0,1,0,0,0,Entry-level
1191,7,0.8,6,6,9,42,807,19,18,46,824,0.8,89,0,0,0,0,1,1,Entry-level
1092,11,0.5,3,10,14,468,571,14,4,11,737,0.5,167,1,1,1,0,0,0,Entry-level
1180,19,2.5,6,0,1,168,540,7,5,27,348,0.1,90,0,1,1,1,1,1,Entry-level
1811,18,0.5,6,0,0,204,1132,17,11,32,348,1.0,115,1,1,0,1,0,1,Entry-level
618,15,2.1,1,2,4,1314,1688,13,10,6,1051,0.3,86,0,0,0,1,0,0,Entry-level
536,4,2.4,7,12,14,1386,1539,12,9,3,284,0.3,182,1,0,1,0,1,1,Entry-level
1207,5,0.5,8,0,0,406,681,7,3,58,503,0.3,112,0,0,1,0,0,1,Entry-level
1713,10,3.0,7,5,17,237,890,11,10,20,971,0.9,104,1,0,0,0,1,1,Entry-level
748,13,1.4,7,0,14,88,709,17,5,25,1974,1.0,110,0,0,1,1,0,0,Low-end
1368,14,0.5,1,10,20,907,925,12,0,42,1590,0.2,91,0,0,0,0,1,1,Low-end
714,19,2.1,3,5,6,1750,1857,15,12,11,1164,0.1,197,1,1,1,0,1,1,Low-end
1720,7,0.7,2,0,3,409,646,13,2,19,1222,0.1,137,1,1,0,0,0,0,Low-end
1181,18,2.3,2,12,16,385,831,6,0,61,2020,0.6,116,0,0,1,0,1,1,Low-end
520,17,2.3,6,0,14,264,519,13,7,31,2753,0.8,145,0,0,0,1,1,1,Low-end
1712,15,0.9,7,2,19,155,663,5,0,23,1422,1.0,155,1,1,1,0,0,1,Low-end
814,12,1.1,2,2,10,1092,1406,16,6,41,1944,0.8,177,1,1,0,0,0,1,Low-end
809,3,0.8,7,10,19,1453,1726,18,7,21,1274,0.9,91,0,0,0,0,0,0,Low-end
892,9,0.5,1,0,18,655,1782,12,3,47,1241,0.4,94,0,1,0,1,1,1,Low-end
1227,12,1.1,3,0,3,935,1781,7,3,34,1324,0.2,130,1,1,1,1,0,0,Low-end
957,3,0.7,2,0,0,38,1682,12,4,4,1898,0.1,160,0,1,1,0,1,1,Low-end
1329,6,1.0,6,1,2,1053,1458,8,6,52,1228,0.9,181,0,1,0,1,0,1,Low-end
775,18,2.5,7,1,14,444,1555,19,3,10,1719,0.1,185,1,1,1,1,1,1,Low-end
1139,8,0.9,2,6,11,742,999,9,4,58,1850,0.5,161,1,1,0,0,1,1,Low-end
1423,9,0.6,5,12,13,501,640,10,8,44,2253,0.8,131,0,0,0,0,0,0,Low-end
651,19,0.8,5,2,4,548,858,14,9,63,2244,0.2,176,1,1,1,0,1,1,Low-end
1129,5,2.8,2,0,2,1070,1079,8,4,49,1857,0.5,185,1,1,1,1,0,1,Low-end
1375,15,0.5,2,2,3,227,772,15,13,35,1947,0.1,194,1,0,1,1,1,1,Low-end
1084,10,2.6,3,3,11,322,771,15,4,40,1945,0.9,107,0,1,1,0,1,1,Low-end
1261,16,0.5,2,3,9,605,1429,9,3,52,1365,0.3,86,0,0,0,1,1,1,Low-end
1751,12,2.5,8,1,9,1499,1952,19,14,4,1155,0.6,146,0,0,1,1,0,0,Low-end
1143,16,1.2,3,1,6,1116,1724,12,5,22,1214,1.0,125,1,0,1,0,1,1,Low-end
696,9,0.5,3,6,8,649,907,18,8,51,2630,0.3,197,0,0,0,1,0,0,Low-end
1454,2,2.6,3,8,20,698,1018,10,0,6,1300,0.4,199,0,0,0,1,0,0,Low-end
1076,14,2.5,5,3,4,545,1300,7,5,14,2043,0.2,105,0,0,0,0,0,0,Low-end
507,5,0.5,7,1,11,936,1398,17,0,32,1702,0.5,141,1,1,1,1,0,1,Low-end
1109,7,2.7,1,1,9,1391,1787,15,10,39,1524,0.4,98,1,1,1,1,0,1,Low-end
1280,2,1.3,7,0,1,356,588,6,4,39,2335,1.0,108,0,1,0,1,1,1,Low-end
1547,19,2.9,1,2,3,347,957,9,2,57,1620,0.4,114,0,1,1,1,0,0,Low-end
546,3,2.6,5,5,15,416,1658,7,2,26,1550,1.0,159,1,1,1,0,0,0,Low-end
721,4,1.3,1,10,18,408,1862,10,3,16,1713,0.9,125,1,1,1,1,0,0,Low-end
1772,17,1.6,2,17,18,837,1405,6,1,45,1146,0.5,159,0,1,1,0,1,1,Low-end
1068,15,1.3,8,6,7,994,1500,16,1,52,1436,0.1,97,0,0,0,0,1,1,Low-end
1176,17,2.1,2,2,10,674,1455,6,2,62,1534,0.5,168,0,1,0,0,1,1,Low-end
754,5,0.5,7,7,10,1914,1928,6,3,59,1027,0.7,178,1,0,0,0,1,1,Low-end
1779,20,2.6,1,2,3,1225,1717,12,2,5,1246,0.8,90,1,1,1,0,0,0,Low-end
1175,9,1.3,7,2,9,873,1394,9,4,19,1944,0.3,164,0,1,1,0,0,1,Low-end
628,14,1.8,6,5,6,1047,1534,12,7,60,1337,0.2,87,0,1,1,0,0,0,Low-end
1725,5,0.5,6,8,12,1125,1195,19,18,52,1243,1.0,185,1,0,1,1,1,1,Low-end
1845,6,0.5,1,10,12,292,695,9,5,61,1731,0.3,96,1,1,0,0,0,0,Low-end
586,3,2.8,3,2,11,241,854,12,8,15,2592,0.2,83,0,0,0,0,0,0,Low-end
1101,19,1.8,2,0,7,387,1269,12,6,31,2196,0.2,148,0,0,1,1,0,0,Low-end
1023,19,2.3,8,5,7,5,1744,10,0,30,2086,0.2,80,1,1,1,1,1,1,Low-end
1382,9,0.5,2,7,18,612,719,16,7,13,2073,0.3,199,0,1,0,1,1,1,Low-end
723,16,0.5,4,0,3,920,1748,15,3,3,1851,0.2,168,0,0,0,0,1,1,Low-end
1379,18,1.5,8,6,13,98,755,11,4,9,1693,0.8,118,0,1,0,1,1,1,Low-end
668,7,2.9,8,7,12,522,1056,10,5,30,2399,0.2,195,1,0,1,1,0,1,Low-end
1232,15,1.2,6,12,14,625,761,8,4,30,1656,0.9,131,0,0,1,1,0,1,Low-end
525,12,0.5,8,5,11,262,1587,18,3,51,1891,0.5,137,1,1,1,0,0,0,Low-end
1039,15,0.5,8,8,9,384,1878,18,12,47,1742,0.2,130,1,0,0,0,0,1,Low-end
1279,7,2.5,6,5,6,560,1633,7,2,7,1150,0.5,105,0,1,0,0,1,1,Low-end
1692,19,2.1,6,3,12,975,1996,16,7,61,1354,0.9,176,0,1,0,0,1,1,Low-end
1702,19,2.3,2,12,19,1284,1643,10,0,47,595,0.6,107,1,1,0,1,1,1,Low-end
1099,3,0.5,3,13,20,393,1096,17,10,61,1699,0.3,146,0,0,1,1,1,1,Low-end
731,10,0.5,8,0,0,424,1032,12,8,28,1774,0.5,130,1,1,0,0,1,1,Low-end
1867,2,2.3,6,0,3,712,1442,6,1,9,990,0.1,191,0,0,0,1,1,1,Low-end
1672,20,0.5,1,13,20,1281,1896,17,4,32,1267,0.7,174,1,1,1,0,1,1,Low-end
1229,17,0.5,2,15,16,120,1878,17,6,14,1667,0.8,191,1,0,0,1,0,0,Low-end
1829,7,1.7,5,0,1,291,563,11,4,36,1475,0.8,112,0,0,0,0,0,0,Low-end
1995,7,0.5,1,6,15,649,1104,15,11,26,1322,0.2,129,0,1,1,1,0,0,Low-end
609,18,0.5,6,4,6,113,1524,16,3,10,1905,0.1,81,0,1,1,1,1,1,Low-end
1541,7,2.8,5,10,15,796,1052,12,1,28,1108,0.2,165,1,1,0,1,1,1,Low-end
714,10,0.5,4,1,2,643,1527,12,10,30,2302,0.3,145,0,1,1,1,0,0,Low-end
1967,7,0.5,1,0,7,518,1374,15,2,46,1567,0.6,199,0,0,1,0,1,1,Low-end
1680,2,1.2,4,6,7,679,1231,15,3,37,1459,0.7,168,1,1,1,0,1,1,Low-end
1128,19,0.5,8,6,7,938,1226,17,15,33,1440,0.6,147,1,1,0,0,0,1,Low-end
1566,13,0.5,2,0,0,1603,1930,14,9,20,659,0.5,126,1,1,1,1,0,1,Low-end
1974,17,0.5,6,9,12,530,1496,6,1,10,1433,0.8,145,1,0,0,0,0,0,Low-end
718,9,0.7,1,0,7,518,830,17,11,21,1754,0.8,88,1,0,0,1,1,1,Low-end
569,4,2.5,1,0,1,388,605,17,7,41,2651,0.3,124,1,1,0,0,0,0,Low-end
1407,8,1.8,4,5,6,925,1206,6,0,16,1068,0.2,170,1,0,1,0,1,1,Low-end
989,20,0.7,3,13,15,670,804,10,1,51,2349,0.4,132,0,1,0,1,1,1,Low-end
1044,15,2.8,4,7,13,42,1262,17,16,33,1816,0.6,129,1,1,0,1,0,1,Low-end
569,10,0.5,3,10,19,351,1159,8,7,4,2351,0.8,170,1,1,1,0,1,1,Low-end
1345,15,3.0,3,7,11,512,1465,9,2,38,1322,0.1,162,0,1,0,0,1,1,Low-end
510,11,1.7,3,3,6,382,1228,17,2,35,2509,0.8,120,1,0,1,1,0,0,Low-end
1310,19,1.4,1,0,14,806,1016,13,12,33,1301,0.4,105,0,0,0,1,0,0,Low-end
1973,8,0.5,8,3,7,127,507,12,10,21,1724,0.8,95,1,1,0,1,0,0,Low-end
1027,13,2.2,5,0,4,152,714,8,5,63,1732,0.8,102,0,1,1,1,0,0,Low-end
940,9,2.9,4,0,1,499,1090,15,13,16,2192,0.7,115,0,0,1,1,0,1,Low-end
1509,3,0.6,4,5,8,1010,1684,12,8,50,1540,0.3,81,1,0,1,0,0,1,Low-end
1020,8,1.5,3,13,18,870,1613,13,9,7,1142,0.7,96,0,0,0,1,1,1,Low-end
1469,5,1.7,2,11,14,484,711,15,5,44,1687,0.5,169,1,0,1,1,1,1,Low-end
718,3,2.8,6,10,13,1185,1387,11,9,59,1824,0.8,113,0,0,1,0,0,1,Low-end
1619,13,1.9,1,2,9,46,562,7,2,21,1641,0.4,138,0,1,0,0,1,1,Low-end
807,4,0.5,4,0,0,245,829,5,4,37,2319,0.2,127,1,1,0,0,0,0,Low-end
913,18,1.7,1,1,14,431,1144,15,3,41,2278,0.3,103,1,0,1,0,1,1,Low-end
1281,9,2.8,4,3,19,590,954,8,2,8,1851,0.3,144,1,1,1,0,1,1,Low-end
1412,4,2.4,8,5,17,516,1894,15,9,25,837,0.8,96,0,1,0,1,0,0,Low-end
1866,20,2.5,5,3,9,358,1782,7,4,47,1444,0.8,89,1,1,0,0,1,1,Low-end
1322,12,1.7,3,6,9,177,1990,19,17,7,1418,0.8,140,1,0,1,0,0,0,Low-end
1448,6,1.4,3,13,16,1792,1850,12,9,26,1175,1.0,156,1,0,1,0,0,0,Low-end
1732,11,1.1,8,4,9,824,881,16,7,12,1308,0.8,119,0,1,0,1,1,1,Low-end
1449,10,0.5,6,0,0,211,947,5,1,52,2036,0.6,105,1,1,1,0,0,0,Low-end
1778,14,0.5,3,0,0,1445,1954,5,0,15,1214,0.5,102,0,0,0,0,0,1,Low-end
771,6,2.9,1,2,8,1709,1781,9,3,62,1628,0.7,106,0,0,1,0,0,0,Low-end
973,16,0.5,5,5,7,105,588,13,10,53,1861,0.5,196,1,0,1,0,0,0,Low-end
1081,7,1.9,7,13,17,83,816,7,4,42,2456,0.1,101,1,1,0,0,1,1,Low-end
1332,9,0.8,2,2,4,758,1165,5,0,11,1285,0.5,187,1,0,1,0,0,1,Low-end
783,18,1.8,3,0,4,1198,1471,16,4,43,2016,1.0,106,1,0,1,0,1,1,Low-end
507,12,1.9,1,0,0,17,1084,6,0,39,2124,0.7,142,1,1,1,0,1,1,Low-end
1886,20,0.5,3,0,1,809,1958,16,7,24,1179,0.4,112,0,0,0,1,1,1,Low-end
1790,20,2.5,1,9,14,622,792,7,0,2,1366,0.1,184,1,0,1,1,0,1,Low-end
1093,6,0.5,2,1,12,1310,1420,12,0,31,1646,0.6,171,0,0,1,0,1,1,Low-end
972,19,1.7,3,0,4,681,1050,16,8,54,1900,0.7,107,0,1,0,1,1,1,Low-end
1905,10,0.5,1,3,5,849,898,9,5,6,1545,0.5,151,0,1,1,0,1,1,Low-end
1869,19,2.6,1,0,13,163,874,15,3,30,1375,0.4,152,0,0,0,0,1,1,Low-end
811,2,2.4,6,5,13,333,1429,18,7,2,2111,0.3,106,1,1,0,1,1,1,Low-end
1457,12,1.9,3,1,10,1013,1287,17,8,16,1440,0.3,102,1,0,0,1,1,1,Low-end
1905,16,0.6,3,9,20,825,1542,13,4,36,1287,0.4,119,1,0,0,0,1,1,Low-end
707,12,0.5,2,0,0,1027,1508,17,14,16,1853,0.1,194,0,0,1,1,1,1,Low-end
848,19,1.5,4,4,16,56,527,10,2,36,2289,0.3,151,1,1,1,1,1,1,Low-end
1987,6,1.9,8,0,18,960,1925,12,4,50,857,0.7,119,0,1,1,0,0,1,Low-end
1122,3,2.8,3,0,4,1578,1963,14,10,28,1402,0.6,184,0,0,1,0,0,0,Low-end
615,5,0.5,5,7,8,1021,1958,14,5,58,1906,0.5,130,1,1,0,0,0,1,Low-end
557,16,0.5,6,3,4,322,710,17,16,17,2623,0.2,89,1,0,0,0,0,0,Low-end
1035,5,1.9,6,8,10,831,1709,17,8,11,2002,1.0,173,1,1,1,0,0,1,Low-end
1225,15,2.4,5,0,0,840,982,16,8,15,1970,0.1,155,0,1,1,0,0,1,Low-end
1131,16,0.5,5,11,18,658,878,19,13,49,1835,0.6,101,1,1,1,0,0,1,Low-end
1321,16,1.3,8,0,9,817,941,7,6,63,1464,0.4,109,0,1,1,1,1,1,Low-end
1068,7,2.0,7,1,13,186,1998,5,4,37,1803,0.9,184,1,0,0,0,1,1,Low-end
1776,20,2.1,4,10,16,278,623,16,13,35,1813,0.1,172,1,1,1,1,0,1,Low-end
695,17,1.2,8,1,8,789,1211,5,2,41,2282,0.4,169,0,0,1,0,1,1,Low-end
867,18,1.5,4,0,0,289,724,8,6,57,2157,0.1,159,0,1,0,0,1,1,Low-end
989,10,1.8,1,4,12,46,1069,8,5,55,1737,0.7,124,1,1,0,1,1,1,Low-end
1352,14,2.4,6,5,9,629,1299,12,1,6,1309,0.9,92,0,0,0,0,1,1,Low-end
538,17,1.1,7,0,7,455,537,9,3,25,2215,0.3,163,1,0,1,1,1,1,Low-end
1831,10,2.2,8,4,9,1693,1790,14,3,55,1133,1.0,189,1,1,1,0,0,0,Low-end
1581,2,1.0,4,9,19,693,850,19,9,41,1384,0.4,172,0,1,1,1,0,0,Low-end
1744,14,1.0,8,1,3,68,718,18,7,20,1205,0.5,112,0,1,0,0,1,1,Low-end
565,6,0.6,2,1,8,543,703,13,6,50,2156,0.1,158,1,0,1,1,0,1,Low-end
855,8,0.5,2,2,3,1028,1196,16,8,59,1875,0.5,159,0,1,1,1,1,1,Low-end
502,14,1.5,2,7,12,705,1810,6,1,37,1649,0.2,199,1,0,1,0,0,0,Low-end
1036,2,2.4,7,0,3,373,926,10,7,39,2101,0.2,119,0,1,1,0,0,0,Low-end
504,8,0.5,5,2,14,280,1795,13,5,46,2085,0.9,172,1,1,0,0,1,1,Low-end
891,10,0.5,2,9,19,375,1724,7,1,25,2073,0.3,196,1,0,0,1,1,1,Low-end
794,18,2.5,3,15,19,312,1376,19,8,14,2171,0.6,197,1,0,0,1,0,0,Low-end
1412,18,0.6,3,9,10,2,660,15,10,57,1853,0.2,86,0,0,0,1,0,0,Low-end
918,14,0.9,7,1,5,653,671,17,4,8,1652,0.1,123,1,0,1,0,0,1,Low-end
930,17,1.3,6,1,10,77,1025,11,7,14,2457,0.4,97,1,1,1,0,1,1,Low-end
1522,17,0.7,1,4,5,952,1191,14,5,28,1368,0.2,124,1,1,0,1,0,1,Low-end
826,5,2.4,2,14,17,1077,1183,15,14,57,1907,0.6,117,1,1,0,0,1,1,Low-end
1083,10,2.0,5,3,5,937,1164,18,3,41,1543,0.7,158,0,1,0,1,0,0,Low-end
531,20,0.5,4,0,3,158,1657,18,12,12,2331,0.5,121,1,1,0,1,1,1,Low-end
1158,15,0.7,2,1,20,311,1796,17,9,29,1542,0.7,123,1,0,0,1,1,1,Low-end
1133,20,1.4,5,3,12,730,1543,18,12,42,1457,0.1,199,0,0,0,1,0,1,Low-end
1028,13,2.8,1,1,10,1801,1923,18,4,30,1424,0.1,193,0,1,0,1,1,1,Low-end
1318,2,1.9,2,0,15,688,1591,12,10,11,1780,0.8,188,1,0,0,0,1,1,Low-end
1426,16,0.8,3,2,10,715,1163,15,9,42,1356,0.6,84,0,1,0,1,1,1,Low-end
1021,14,1.3,2,7,12,901,1793,6,1,9,1355,0.7,192,0,0,1,0,0,1,Low-end
618,17,0.5,3,2,7,879,896,18,15,57,2399,0.2,88,1,1,1,1,1,1,Low-end
1862,9,1.5,1,1,2,386,1046,11,3,62,1017,1.0,182,0,0,0,0,0,1,Low-end
722,3,1.1,6,12,20,138,1371,13,6,12,2359,1.0,93,0,0,0,0,0,0,Low-end
1336,16,0.9,5,5,9,55,583,13,1,17,1869,0.2,194,0,0,1,1,1,1,Low-end
983,8,1.8,1,0,4,1001,1176,17,8,53,1389,0.9,187,0,0,1,1,1,1,Low-end
1077,6,2.5,3,0,4,897,1304,6,2,45,1965,1.0,174,1,0,1,0,1,1,Low-end
1454,19,1.4,8,8,20,903,910,16,0,37,1713,0.8,80,1,0,0,0,0,0,Low-end
1074,18,2.4,6,2,14,946,952,13,1,9,1948,0.9,103,1,0,1,1,1,1,Low-end
1648,2,0.5,2,1,3,1119,1238,6,2,17,1184,0.9,142,0,1,0,1,1,1,Low-end
911,13,2.2,2,1,2,157,763,8,4,28,2638,0.5,182,1,1,1,1,1,1,Low-end
1762,14,0.7,4,7,10,643,790,14,5,60,1380,0.1,157,0,0,0,0,0,1,Low-end
1494,17,2.4,7,6,17,944,1003,14,13,3,1208,0.9,93,0,0,1,0,1,1,Low-end
1949,20,2.6,4,4,7,407,822,11,5,47,1433,0.3,199,1,0,0,1,0,0,Low-end
1392,16,2.5,4,0,2,482,1098,8,1,44,1280,0.7,113,0,0,0,1,1,1,Low-end
1127,17,2.9,1,5,13,928,1049,11,5,57,2048,0.8,163,1,1,1,1,1,1,Low-end
1008,6,2.5,1,3,14,825,1972,6,4,36,1083,1.0,109,0,0,0,0,0,0,Low-end
664,19,1.2,5,0,5,754,1497,17,15,28,2042,0.9,106,1,0,1,0,0,1,Low-end
1730,12,2.0,4,0,10,418,1023,14,0,20,1595,0.1,143,1,0,1,0,1,1,Low-end
593,7,0.5,7,6,7,1233,1317,6,2,31,1692,0.4,156,0,0,0,0,0,1,Low-end
1312,14,0.5,2,0,0,1233,1854,17,16,28,1087,0.8,163,1,0,0,0,1,1,Low-end
852,7,1.0,7,4,13,293,1159,17,4,62,2253,0.7,104,1,0,1,0,1,1,Low-end
1540,2,0.7,7,1,12,704,822,19,0,60,1591,0.8,197,1,0,0,1,0,1,Low-end
1695,11,0.5,5,2,13,308,1208,8,6,47,1629,0.5,189,1,1,1,0,1,1,Low-end
564,14,3.0,2,1,3,853,1737,9,2,8,2227,0.7,130,1,0,0,1,0,1,Low-end
955,18,0.5,4,2,10,428,1254,14,1,2,1974,0.6,155,0,1,1,0,0,1,Low-end
1854,20,3.0,5,2,5,506,627,17,4,8,1886,0.1,101,0,0,1,0,1,1,Low-end
1180,20,1.2,4,5,20,925,1252,7,3,50,1464,1.0,144,0,1,1,1,1,1,Low-end
1923,3,0.5,1,7,10,767,1759,10,9,46,1489,0.5,191,1,0,1,1,0,1,Low-end
1576,16,2.0,3,0,0,410,1551,17,1,20,1379,0.6,148,0,1,0,1,1,1,Low-end
662,15,0.5,1,5,10,1001,1224,17,15,20,2125,0.8,138,0,0,1,1,0,0,Low-end
1483,19,2.6,7,13,19,361,1552,9,4,19,1587,0.6,146,1,1,0,0,0,0,Low-end
868,17,1.7,4,0,0,276,1026,11,7,30,1653,0.8,83,0,0,0,0,0,1,Low-end
842,19,2.2,2,1,2,20,756,9,7,7,2549,0.6,188,0,0,0,1,0,0,Low-end
1695,15,0.5,3,6,9,1791,1898,16,13,46,446,0.7,200,1,0,1,1,1,1,Low-end
1142,14,1.2,6,0,0,623,769,7,0,2,1747,0.6,114,0,1,1,0,0,0,Low-end
1861,4,0.9,7,4,8,1698,1877,7,5,55,601,0.5,148,0,1,0,0,1,1,Low-end
860,18,1.6,7,13,18,335,1463,17,2,48,1870,0.5,187,1,1,0,0,0,1,Low-end
1065,20,2.8,5,0,3,760,1722,16,13,21,1193,0.1,158,1,0,0,1,1,1,Low-end
1210,17,1.6,4,9,20,329,1039,16,0,57,1886,0.5,111,1,1,0,1,0,1,Low-end
1122,20,0.5,7,0,14,675,1163,9,3,40,1456,0.3,156,0,0,1,0,1,1,Low-end
1330,11,0.5,7,0,1,1290,1441,9,0,38,1733,1.0,183,0,0,0,1,0,1,Low-end
706,4,0.5,3,13,19,543,938,8,7,31,2419,0.1,108,0,0,0,1,1,1,Low-end
1290,15,0.5,6,0,4,600,1109,9,8,3,1214,0.1,143,0,0,1,1,0,0,Low-end
1445,13,2.4,7,7,15,1273,1345,7,4,20,1441,0.4,173,1,1,1,1,1,1,Low-end
1648,6,0.7,4,6,9,1153,1876,8,1,64,610,0.8,170,0,0,1,0,1,1,Low-end
1692,6,2.3,1,4,6,674,1925,16,10,46,1394,0.9,139,1,0,1,0,1,1,Low-end
543,15,0.5,5,0,4,391,984,17,14,57,2413,0.7,192,0,0,0,0,0,1,Low-end
1624,18,2.6,3,0,11,1530,1744,13,4,58,1251,1.0,200,1,1,1,1,0,0,Low-end
1981,13,1.9,6,13,18,193,1234,10,1,45,1380,0.3,175,1,1,1,0,0,0,Low-end
1544,18,2.3,8,12,20,236,857,8,7,45,1300,0.1,113,0,0,1,0,1,1,Low-end
1660,7,2.8,1,4,6,76,1165,12,0,7,1531,0.8,184,1,0,0,0,0,0,Low-end
1940,3,1.0,4,0,1,588,1809,19,18,5,820,0.2,194,1,1,1,1,1,1,Low-end
1331,20,1.6,2,0,7,1109,1226,13,5,16,1026,0.5,165,0,1,0,1,0,1,Low-end
1271,20,1.5,1,0,1,1260,1788,15,13,2,892,0.9,161,1,0,1,0,0,0,Low-end
1197,4,1.3,6,3,7,649,1629,19,5,20,1797,0.5,149,0,0,1,1,1,1,Low-end
1263,17,0.5,5,12,18,178,1883,14,3,64,1183,0.3,175,0,0,0,1,0,0,Low-end
1354,13,0.7,4,3,6,297,918,5,1,26,2090,0.5,136,1,1,1,0,1,1,Low-end
654,13,1.3,4,0,4,1715,1898,17,4,52,1036,0.7,196,0,1,0,0,1,1,Low-end
1731,20,2.3,4,18,20,142,1039,9,3,60,1220,0.5,171,1,1,1,0,0,0,Low-end
1424,16,0.5,4,16,18,1399,1663,14,11,23,1053,0.6,80,1,0,1,1,1,1,Low-end
1986,15,2.7,4,3,20,236,1520,5,3,64,1377,0.2,162,1,0,1,1,1,1,Low-end
1878,2,0.5,8,9,19,210,1026,18,7,29,1334,0.6,85,0,1,0,0,0,0,Low-end
1972,8,2.9,7,9,18,293,952,8,1,14,1316,0.4,196,0,0,1,0,0,1,Low-end
1815,2,2.8,4,2,17,607,748,18,0,33,1482,0.6,159,0,0,0,0,0,1,Low-end
1611,9,0.5,3,11,14,303,714,8,4,3,1595,0.6,98,1,1,0,1,0,1,Low-end
1272,4,2.5,6,0,8,605,669,19,4,22,2235,0.9,133,1,1,0,0,0,1,Low-end
1854,9,0.9,1,0,0,665,718,14,12,33,1675,0.4,195,1,0,0,1,1,1,Low-end
972,13,0.5,5,5,8,1392,1795,11,6,13,1615,0.4,193,1,1,1,0,0,0,Low-end
1170,2,2.9,6,2,5,427,684,16,8,40,2366,0.4,169,1,0,1,1,0,1,Low-end
827,15,0.6,6,9,17,23,826,5,3,35,2367,0.2,87,1,1,0,1,1,1,Low-end
1807,7,0.8,8,0,0,1332,1814,7,6,38,1069,0.2,97,1,0,0,0,1,1,Low-end
1009,15,1.0,8,2,14,912,1043,7,5,2,1716,0.6,102,1,1,0,0,0,0,Low-end
842,14,1.8,3,4,10,348,730,8,4,57,1903,1.0,124,1,1,1,0,0,0,Low-end
1129,13,0.8,2,9,10,1128,1702,11,0,21,1400,0.6,116,1,1,1,0,1,1,Low-end
659,2,2.7,3,6,7,1054,1929,15,5,6,2044,0.5,110,0,0,0,1,1,1,Low-end
1510,10,0.6,3,1,8,963,1520,8,2,32,854,0.7,135,1,0,0,1,0,1,Low-end
1092,20,2.7,1,8,10,1404,1424,12,3,45,1303,0.8,185,1,0,1,1,0,0,Low-end
817,19,1.3,3,0,11,722,766,11,6,11,2039,0.5,144,0,0,1,0,0,0,Low-end
1162,15,1.0,4,0,10,332,866,10,3,50,1404,0.5,104,0,0,1,1,0,1,Low-end
826,17,0.6,4,3,19,778,1615,17,4,62,1998,0.7,187,0,0,0,0,0,0,Low-end
1559,15,1.3,8,10,17,117,681,7,5,10,2203,0.3,114,1,1,1,1,1,1,Low-end
560,18,0.5,8,14,15,356,1903,17,16,23,2360,1.0,146,0,0,1,1,0,0,Low-end
683,15,2.1,7,7,8,927,1135,9,0,30,2066,0.1,197,0,1,0,0,0,0,Low-end
633,11,1.4,6,0,10,709,1915,19,14,46,1401,0.7,102,0,1,1,0,1,1,Low-end
1902,15,0.5,4,10,11,766,877,14,10,13,940,0.2,155,0,0,1,0,0,1,Low-end
1082,17,2.3,4,11,20,398,724,12,2,2,2177,1.0,101,1,0,1,0,0,0,Low-end
1057,2,2.7,4,3,10,397,891,16,9,41,2033,0.1,97,0,1,1,0,1,1,Low-end
1874,17,0.6,2,1,9,1238,1418,15,10,19,1218,0.8,192,0,1,1,0,0,0,Low-end
583,7,0.9,8,1,2,1658,1794,16,9,51,1799,0.9,88,1,1,1,0,0,0,Low-end
881,6,1.0,3,1,6,115,636,18,9,64,2110,0.5,160,0,0,1,1,0,1,Low-end
1128,11,1.1,8,9,10,751,1582,5,0,46,1434,0.9,135,0,1,0,0,1,1,Low-end
609,14,0.5,4,3,4,938,1948,11,10,26,1866,0.3,93,0,0,1,1,0,1,Low-end
571,8,1.6,7,8,20,177,1282,13,5,35,2598,0.2,186,1,0,1,0,0,1,Low-end
696,4,2.4,3,11,13,533,797,14,11,35,2022,0.2,103,0,1,0,1,1,1,Low-end
1986,3,0.5,8,3,20,282,1358,17,12,51,1614,0.1,165,1,0,1,1,1,1,Low-end
586,7,0.6,7,16,17,785,1118,12,2,42,1869,0.3,121,0,1,1,1,1,1,Low-end
627,10,1.6,7,3,17,447,819,17,1,12,2476,0.2,131,1,1,0,0,1,1,Low-end
1003,10,2.9,8,16,19,190,1905,16,7,16,1798,0.6,119,0,1,0,0,1,1,Low-end
1048,15,0.9,2,10,19,966,1975,5,1,28,1458,0.8,194,0,1,0,1,1,1,Low-end
1191,9,1.3,1,16,20,681,683,14,3,26,1604,0.8,84,1,0,0,1,1,1,Low-end
1154,12,1.1,1,2,13,539,1240,12,0,5,1470,0.2,98,1,0,0,0,1,1,Low-end
1426,5,1.6,5,4,16,1573,1694,14,9,12,1277,0.7,174,0,0,0,0,1,1,Low-end
832,11,0.7,4,2,3,125,1504,5,2,39,1799,0.7,103,1,0,0,1,1,1,Low-end
946,16,2.1,8,0,0,159,630,7,4,19,2104,0.2,154,0,0,1,0,1,1,Low-end
1564,7,2.3,6,4,17,1259,1965,6,4,25,1496,0.5,189,0,0,1,1,1,1,Low-end
1456,20,0.5,5,7,12,823,1104,6,5,7,1587,0.4,105,1,1,0,1,0,1,Low-end
1299,20,2.8,8,2,6,1333,1838,13,1,60,1412,0.8,187,1,0,1,1,0,0,Low-end
1285,10,2.4,7,1,2,475,500,8,0,51,2094,1.0,140,0,0,0,0,1,1,Low-end
688,8,2.5,5,9,20,376,1957,12,7,40,1382,0.2,109,0,1,1,0,0,0,Low-end
1142,6,1.1,4,0,0,739,1766,19,0,6,1273,0.5,198,0,1,0,0,1,1,Low-end
596,15,1.4,1,8,18,953,984,15,4,46,2505,0.6,165,0,0,1,0,0,1,Low-end
1063,20,1.5,4,7,10,394,849,12,10,3,1919,0.9,155,0,0,1,0,0,1,Low-end
856,12,1.9,1,0,7,395,1027,6,3,14,2439,0.6,115,1,0,1,1,1,1,Low-end
1595,6,1.9,1,1,20,1475,1988,18,13,63,908,0.9,88,1,0,0,1,0,0,Low-end
712,12,0.5,2,6,11,1245,1309,11,10,27,2001,0.5,86,0,0,1,1,0,1,Low-end
1039,10,1.3,8,0,0,1428,1827,7,1,12,1619,0.8,200,0,0,1,1,1,1,Low-end
834,20,0.5,1,2,16,1421,1463,11,9,27,1591,0.2,123,0,0,1,0,1,1,Low-end
798,3,0.6,2,6,12,661,1951,12,2,21,1647,0.5,110,1,0,0,0,1,1,Low-end
1217,9,0.5,4,3,13,628,632,7,3,17,1711,0.5,182,0,1,0,1,0,1,Low-end
1159,3,2.8,1,5,7,681,723,8,1,18,2246,0.5,83,0,1,1,0,1,1,Low-end
984,16,2.2,8,0,18,56,1931,11,7,39,2013,0.5,119,1,1,1,0,1,1,Low-end
936,5,2.3,2,5,6,657,938,12,8,57,2049,0.2,129,0,1,1,0,1,1,Low-end
643,18,1.0,8,9,12,442,1079,7,5,18,2648,0.2,187,0,0,1,1,1,1,Low-end
912,20,2.0,8,1,5,329,1053,19,5,54,2330,0.3,161,0,1,1,0,0,0,Low-end
1433,19,2.3,5,2,11,420,784,18,15,5,2132,0.1,129,0,1,0,1,1,1,Low-end
1464,19,0.5,6,0,8,418,1341,13,6,17,1277,0.7,153,1,0,0,0,1,1,Low-end
1528,11,1.8,5,3,6,454,1762,11,9,55,1282,0.8,129,1,1,1,1,1,1,Low-end
1796,3,1.6,4,5,6,667,798,9,4,7,1642,0.1,101,1,0,1,1,0,0,Low-end
518,7,2.4,6,0,0,489,710,16,12,62,2514,0.6,128,0,1,1,1,1,1,Low-end
1541,4,1.5,4,6,10,536,1656,7,3,5,1795,0.5,109,1,1,1,1,1,1,Low-end
904,3,1.6,8,5,9,56,760,7,0,14,1846,0.2,102,1,0,0,1,1,1,Low-end
1284,9,2.8,2,0,14,160,516,16,2,10,2197,0.9,155,1,1,1,1,0,0,Low-end
1253,4,0.5,2,5,19,685,714,15,0,5,1878,0.2,152,1,1,1,0,1,1,Low-end
930,16,1.0,8,4,10,1017,1289,13,10,4,2016,0.9,144,1,1,1,1,1,1,Low-end
603,19,1.5,6,8,20,1003,1284,7,5,12,1543,0.7,114,0,0,1,0,0,1,Low-end
1117,2,0.5,2,2,19,495,1035,15,9,21,1999,0.1,177,1,1,0,1,0,1,Low-end
1778,9,1.4,4,3,17,88,516,15,13,45,1624,1.0,132,1,0,1,0,1,1,Low-end
833,7,2.2,1,4,6,359,1395,9,5,27,2150,0.9,124,0,1,1,1,0,0,Low-end
1125,12,2.7,1,10,14,774,939,14,8,23,1641,0.4,117,0,1,1,0,0,1,Low-end
1496,6,1.9,4,13,14,501,506,17,4,38,1927,0.1,126,1,1,0,1,0,0,Low-end
1204,19,2.6,7,0,3,480,1482,11,2,10,1724,0.3,199,0,1,0,0,0,1,Low-end
1524,9,2.5,4,11,20,184,740,7,0,41,1936,1.0,96,1,0,1,1,1,1,Low-end
1663,15,0.5,4,0,15,951,1545,8,5,40,1336,0.6,147,0,1,0,0,0,1,Low-end
1048,2,1.5,1,2,4,29,1670,11,10,29,2146,1.0,182,0,1,0,0,1,1,Low-end
1772,20,0.5,8,3,15,270,545,5,2,64,1834,0.7,116,1,1,1,1,0,0,Low-end
1299,5,2.8,6,0,6,46,908,19,8,64,1938,0.5,83,1,1,0,1,0,1,Low-end
727,7,1.5,7,0,1,813,1377,19,13,32,1891,1.0,131,0,1,0,1,1,1,Low-end
1777,10,2.2,4,0,7,553,874,10,8,15,1552,0.2,100,1,0,1,0,0,1,Low-end
1319,3,0.9,1,3,18,85,1152,18,5,41,2227,0.9,107,0,1,1,1,1,1,Low-end
503,12,1.2,3,5,13,201,1245,11,0,8,2583,0.4,111,1,0,0,0,1,1,Low-end
673,17,1.7,1,3,5,594,1088,7,2,22,2050,0.1,88,1,1,1,0,1,1,Low-end
957,7,2.5,5,4,10,1201,1485,12,5,7,1846,0.8,107,0,1,0,1,0,1,Low-end
1054,12,1.8,7,3,10,27,774,16,12,40,2296,0.8,196,1,1,0,1,1,1,Low-end
793,5,2.8,4,1,2,818,1006,12,0,64,2296,0.4,179,1,1,1,0,1,1,Low-end
1872,9,0.5,6,3,6,1749,1767,17,3,17,724,0.7,89,1,0,0,1,0,1,Low-end
1093,4,1.9,8,2,14,238,807,8,5,22,1869,0.3,196,1,0,1,1,1,1,Low-end
1604,20,1.9,5,0,2,641,1156,15,9,63,1464,0.6,93,1,1,1,0,1,1,Low-end
1590,4,1.9,5,3,18,920,963,11,4,21,1701,1.0,160,1,0,0,1,1,1,Low-end
1753,12,1.2,7,8,17,387,1595,17,16,12,1445,0.9,113,0,0,1,1,1,1,Low-end
1715,4,2.6,6,9,20,114,1849,16,2,15,1249,0.6,120,1,0,1,0,1,1,Low-end
1963,2,1.0,2,16,17,1136,1813,18,2,34,714,0.1,157,0,1,0,1,1,1,Low-end
1212,4,2.6,4,1,8,611,1715,14,3,46,2249,0.3,102,0,0,1,1,1,1,High-end
1225,15,0.7,7,0,1,217,1101,12,11,2,2675,0.6,138,1,0,1,0,1,1,High-end
600,8,0.5,3,1,7,501,1465,12,7,48,3393,0.8,191,0,0,0,0,0,1,High-end
1872,15,2.3,3,6,15,459,1259,9,4,44,1955,0.7,134,0,1,0,1,0,1,High-end
600,7,1.8,2,9,15,486,1032,17,4,6,3495,0.8,199,0,1,1,0,1,1,High-end
1658,19,1.4,5,0,0,51,739,12,11,38,2609,0.3,159,1,1,0,0,1,1,High-end
1230,16,1.6,7,0,2,1960,1963,18,17,48,1622,0.7,111,0,1,1,1,1,1,High-end
733,19,0.8,4,7,12,202,1787,12,0,16,2648,0.4,138,0,0,1,0,0,1,High-end
715,10,2.3,4,4,6,21,562,14,2,48,3709,0.1,160,1,0,0,0,0,0,High-end
1991,8,2.7,2,5,13,1058,1325,5,3,64,1733,0.9,145,0,1,1,0,1,1,High-end
621,5,2.7,4,0,20,434,910,6,1,54,2801,0.1,151,1,1,1,1,0,1,High-end
561,19,2.8,7,2,6,426,865,15,12,40,2974,0.1,99,1,1,0,1,1,1,High-end
798,3,0.5,2,7,15,497,627,14,9,2,3593,0.8,148,1,1,1,0,0,0,High-end
1156,13,2.7,3,1,16,945,1913,16,15,30,2735,0.9,173,1,1,0,1,1,1,High-end
966,5,0.6,4,9,10,1446,1754,10,1,50,2574,0.2,117,0,1,0,1,1,1,High-end
761,15,0.5,7,9,15,1325,1945,19,3,3,2248,0.8,196,0,1,1,1,0,1,High-end
511,14,3.0,8,5,13,149,1285,14,7,34,3265,0.9,125,1,1,0,0,1,1,High-end
980,4,0.5,6,0,0,1008,1758,7,5,33,2268,0.9,160,0,1,1,0,1,1,High-end
963,16,0.5,3,1,3,742,821,12,6,60,2722,0.8,156,0,0,0,0,1,1,High-end
857,13,2.0,7,3,9,157,948,17,5,17,3100,0.2,195,1,1,1,0,0,1,High-end
1851,8,2.9,6,0,2,174,1175,6,0,53,2678,0.7,112,0,0,0,0,0,1,High-end
518,8,0.8,7,0,1,437,1947,5,0,3,2832,0.1,178,1,0,0,1,0,1,High-end
1936,13,2.1,3,10,20,667,1036,14,7,46,2552,0.6,104,1,0,0,0,1,1,High-end
1009,13,2.8,7,7,15,267,1841,19,8,2,2286,0.6,115,1,1,0,0,1,1,High-end
501,17,0.5,6,14,20,239,1636,17,3,22,3077,0.5,174,1,1,0,0,0,0,High-end
1802,7,1.2,5,8,16,453,963,10,9,27,1885,0.5,116,1,1,1,0,0,1,High-end
774,14,0.6,1,2,4,1713,1865,7,0,8,2614,0.4,136,1,1,1,1,1,1,High-end
1396,19,0.6,4,0,15,560,1177,18,3,37,2694,0.7,134,0,1,0,1,0,0,High-end
1413,15,1.7,6,2,6,314,1606,5,4,10,2867,0.2,200,0,1,1,0,0,0,High-end
965,8,0.5,8,15,19,297,653,12,6,53,3227,1.0,131,0,1,0,0,0,1,High-end
622,5,0.7,2,0,0,98,511,13,1,9,3916,0.3,127,0,0,0,1,1,1,High-end
511,7,0.7,2,1,10,24,759,8,3,52,3865,0.7,180,1,0,0,1,1,1,High-end
1407,13,2.4,4,1,4,1172,1217,9,7,22,2192,0.7,104,0,1,0,1,1,1,High-end
877,6,1.3,1,9,14,457,652,14,12,46,3260,0.8,135,1,0,0,0,1,1,High-end
1254,12,2.3,1,0,10,204,1021,7,4,44,3011,0.2,149,0,1,1,0,1,1,High-end
818,3,0.5,5,2,17,586,1552,19,12,23,2518,0.2,192,1,0,1,0,1,1,High-end
1742,3,0.5,3,5,7,356,1407,9,2,43,1921,0.9,176,1,1,1,0,1,1,High-end
1163,12,2.8,2,0,0,520,754,19,2,49,2768,0.6,155,1,0,0,1,0,0,High-end
1841,18,1.3,8,6,8,593,672,7,1,14,2304,0.6,167,1,1,0,1,0,0,High-end
1994,18,0.7,2,5,7,86,1546,12,11,5,1836,0.4,189,0,1,0,0,0,1,High-end
1811,4,2.0,2,3,8,358,614,9,2,22,2847,0.2,82,0,1,0,1,1,1,High-end
638,9,1.7,4,11,17,1171,1383,7,2,27,2735,0.5,102,1,0,1,0,0,1,High-end
772,17,1.0,7,0,11,317,1805,7,0,23,2782,0.6,97,1,0,0,0,1,1,High-end
1934,9,2.7,4,8,16,242,1127,18,1,2,2190,0.1,118,0,1,0,1,1,1,High-end
1970,2,1.6,8,11,19,654,882,14,12,58,2372,0.3,80,1,0,1,0,1,1,High-end
1694,6,1.8,6,0,0,1194,1208,7,5,53,1653,1.0,186,0,0,0,0,0,1,High-end
1600,4,0.5,4,1,16,1315,1710,9,5,16,2073,0.3,94,0,0,1,0,1,1,High-end
1012,10,0.5,4,4,6,882,1195,8,0,39,2802,0.1,161,1,0,1,0,0,1,High-end
899,10,2.7,4,3,11,641,1638,19,16,53,2870,0.3,192,0,1,0,1,1,1,High-end
1742,6,1.6,1,3,9,1134,1469,5,4,49,1947,0.8,100,0,1,0,1,0,1,High-end
612,6,0.7,5,6,12,1294,1337,14,9,35,3169,0.6,181,0,1,0,0,0,0,High-end
765,19,2.5,8,3,11,1364,1851,6,1,44,2256,0.3,88,0,1,1,1,0,0,High-end
1110,16,1.5,3,4,16,800,1455,16,5,41,2572,0.1,152,0,0,0,1,1,1,High-end
959,10,1.7,4,15,16,87,736,10,9,13,3328,0.4,155,0,1,1,1,0,1,High-end
534,18,2.5,7,1,9,347,1477,7,5,21,2706,0.3,164,0,1,1,0,1,1,High-end
644,19,1.3,1,7,16,1140,1654,9,0,30,2382,0.5,114,1,1,0,1,1,1,High-end
1487,14,0.5,3,6,12,140,768,18,4,57,2563,0.7,84,0,0,0,0,1,1,High-end
1347,13,1.5,1,10,19,398,1528,13,0,56,2456,0.3,95,1,0,1,1,0,1,High-end
821,15,1.8,3,5,9,253,1786,8,4,54,3185,0.1,109,1,0,0,0,0,1,High-end
1315,13,2.6,7,7,16,59,575,6,3,64,3278,0.8,128,0,1,0,0,0,0,High-end
1832,18,0.7,7,2,6,186,654,18,7,2,2978,0.6,90,0,0,0,0,0,0,High-end
1371,8,0.5,4,4,19,471,663,13,6,52,3034,0.5,167,0,0,0,0,0,0,High-end
1225,6,0.7,2,6,15,10,1567,17,11,60,2423,0.1,107,1,0,0,0,0,1,High-end
1989,12,2.5,3,0,13,1100,1497,17,9,41,1665,0.8,94,1,0,1,1,1,1,High-end
635,18,0.5,3,2,4,300,1059,12,5,42,2973,0.4,149,1,1,0,1,0,0,High-end
1762,11,2.5,8,10,11,1103,1364,8,3,15,2183,0.3,107,0,1,1,0,1,1,High-end
1497,7,0.7,3,5,9,1920,1933,6,1,32,1329,0.7,92,0,1,1,0,0,1,High-end
1944,7,0.5,4,1,9,313,712,19,8,26,2322,0.5,92,0,1,0,1,1,1,High-end
1749,4,0.5,1,7,8,470,775,5,4,49,2195,0.8,178,1,1,0,1,1,1,High-end
667,8,2.6,1,3,7,1015,1947,11,8,8,2528,0.8,185,1,0,1,0,0,0,High-end
1589,20,2.6,3,9,16,618,940,11,9,46,2373,0.4,84,0,0,1,0,0,1,High-end
1596,13,2.9,2,7,9,169,1190,14,12,7,2493,0.7,149,1,0,1,1,0,1,High-end
1163,15,2.1,2,0,1,728,818,13,0,19,2940,0.9,132,1,1,0,1,1,1,High-end
553,14,0.5,3,2,3,993,1517,7,3,23,2981,0.5,119,1,0,0,0,1,1,High-end
1588,11,2.5,5,12,20,146,822,5,3,4,2506,0.3,148,0,1,0,0,1,1,High-end
729,17,2.0,6,0,2,563,1055,19,15,14,3397,0.6,135,0,1,0,1,0,1,High-end
1391,14,1.4,1,2,6,14,1256,14,7,36,3139,0.8,182,0,0,1,0,1,1,High-end
637,7,0.8,4,2,6,1080,1289,15,10,28,2725,0.6,194,1,1,0,0,0,0,High-end
1288,10,0.5,6,3,6,988,1503,16,6,61,1882,0.2,115,1,0,0,1,1,1,High-end
1237,8,0.5,8,2,5,274,603,14,0,27,2454,0.1,87,0,0,1,1,0,1,High-end
757,10,0.9,7,4,5,114,819,6,5,64,3433,0.5,157,1,1,1,0,0,1,High-end
1882,11,1.3,2,8,13,119,652,17,1,47,2500,0.2,140,1,1,0,1,0,0,High-end
1166,15,2.0,5,3,4,59,1203,13,5,25,2488,0.8,198,0,0,0,0,1,1,High-end
615,11,2.5,6,0,9,1216,1786,16,8,10,2769,0.8,131,0,1,0,0,0,1,High-end
1182,19,0.5,8,7,16,275,986,19,17,8,2563,0.5,138,0,0,0,0,1,1,High-end
1070,20,3.0,7,9,16,90,1614,14,13,19,2647,0.8,160,0,1,1,0,0,0,High-end
1930,13,2.0,8,11,12,1901,1920,17,3,16,1783,0.8,186,0,1,0,1,0,0,High-end
1361,16,1.4,5,1,2,881,1382,8,7,47,2495,1.0,169,0,1,0,1,0,0,High-end
895,4,0.5,8,6,14,126,1575,7,0,16,3122,0.3,164,1,0,0,1,0,0,High-end
1715,5,1.3,8,0,6,1224,1676,15,10,12,1633,0.3,94,0,0,1,1,1,1,High-end
1517,12,2.5,4,2,18,570,1645,18,16,8,2738,0.8,169,0,0,0,0,1,1,High-end
1349,17,2.2,7,5,7,648,1019,15,7,55,2462,0.1,105,1,1,0,1,0,1,High-end
581,9,2.2,5,0,6,803,1613,19,17,59,2819,0.7,185,0,0,0,1,0,0,High-end
1482,12,0.5,7,2,10,634,642,12,8,48,2971,0.2,142,0,0,1,1,0,1,High-end
618,10,1.1,3,11,20,1175,1586,19,2,45,2339,0.2,188,0,0,1,0,1,1,High-end
1898,19,1.8,7,3,4,444,739,10,5,56,2114,0.2,185,1,0,1,1,1,1,High-end
1809,16,1.7,3,3,4,639,721,10,6,59,2324,0.1,174,0,1,0,1,1,1,High-end
1748,9,0.5,4,11,20,718,1109,16,0,53,2633,0.5,114,1,1,0,0,1,1,High-end
1635,2,2.6,4,0,0,1209,1411,10,1,2,2315,0.6,182,1,0,1,0,1,1,High-end
673,9,2.2,2,2,9,1109,1247,19,2,3,2719,0.4,84,1,1,1,1,0,1,High-end
1117,14,0.6,2,0,7,1258,1627,8,7,31,2003,0.2,146,1,1,1,1,0,0,High-end
948,9,1.5,4,6,7,340,1728,17,13,18,2926,0.3,119,1,0,1,1,0,1,High-end
987,15,1.9,3,4,8,419,736,17,12,52,2757,0.5,83,0,1,1,0,1,1,High-end
893,6,2.5,2,0,1,417,946,7,1,55,2986,0.6,183,1,0,1,1,0,0,High-end
973,2,1.5,7,5,16,457,1816,6,4,57,2977,0.2,190,0,1,0,0,1,1,High-end
1148,11,2.3,5,0,20,606,688,10,7,58,3127,0.3,170,1,0,0,0,1,1,High-end
1759,16,1.4,4,10,13,382,1163,18,5,15,2107,0.4,101,0,1,1,0,1,1,High-end
1782,16,2.8,1,6,13,867,999,15,0,58,2405,0.8,157,1,1,0,1,1,1,High-end
1925,19,3.0,8,0,11,983,1087,7,3,16,2173,0.8,175,1,0,1,0,1,1,High-end
1707,10,1.4,7,0,2,1331,1388,12,0,41,1774,0.8,80,0,0,0,0,0,0,High-end
1476,3,1.2,4,0,5,1641,1666,13,8,55,1529,0.1,171,1,1,0,1,1,1,High-end
580,8,2.1,4,0,5,404,898,12,11,24,3565,0.4,135,1,1,0,1,0,1,High-end
947,2,0.8,2,0,13,1176,1220,16,12,22,2842,0.1,197,1,0,0,0,1,1,High-end
1175,12,0.6,2,10,12,137,1501,9,4,25,3153,0.1,145,0,0,0,0,0,1,High-end
1751,17,0.5,6,6,20,170,564,8,6,8,2969,0.6,178,1,0,0,1,0,0,High-end
512,15,0.5,3,7,15,249,1849,18,14,15,2610,0.9,83,1,1,1,1,0,0,High-end
1082,17,0.8,8,0,5,986,1191,6,1,38,2337,0.1,198,0,0,1,1,0,0,High-end
1310,5,2.3,5,3,11,954,970,18,17,15,2518,0.2,150,1,0,1,1,0,0,High-end
1193,2,2.3,7,7,13,1442,1904,7,5,20,1958,1.0,158,0,1,0,0,0,1,High-end
1698,17,2.8,8,10,12,26,508,15,3,7,2992,0.8,131,0,0,1,0,1,1,High-end
1644,19,2.8,8,0,0,358,791,7,4,44,2360,1.0,137,0,0,0,0,1,1,High-end
790,2,2.0,6,16,17,347,730,6,1,11,3169,0.3,87,1,0,0,1,1,1,High-end
1864,10,2.2,1,0,2,225,1545,10,1,7,2258,0.1,142,0,0,0,0,1,1,High-end
1339,7,2.3,2,0,1,212,1269,6,4,40,2382,0.1,123,1,1,0,1,0,1,High-end
878,11,1.3,4,13,18,575,618,9,7,31,3497,0.5,153,0,1,1,0,1,1,High-end
1872,8,0.5,4,5,10,672,1088,8,4,26,2273,0.5,172,0,0,0,1,1,1,High-end
1250,6,1.5,5,14,18,11,1020,6,5,20,3314,0.4,167,0,1,1,1,1,1,High-end
1469,2,0.5,7,3,8,1699,1850,17,16,58,1571,0.5,150,0,0,0,0,1,1,High-end
1647,15,1.4,6,3,15,193,1185,16,14,38,2532,0.3,102,1,0,0,1,1,1,High-end
972,19,2.7,4,1,2,687,816,12,7,5,3035,1.0,126,1,1,0,1,0,1,High-end
1266,4,1.9,3,0,12,346,1468,10,5,7,2532,0.2,184,1,0,1,1,1,1,High-end
528,6,1.7,2,12,15,574,637,9,8,6,3256,0.8,142,0,0,1,0,1,1,High-end
1784,11,1.6,6,4,20,610,1437,14,1,41,2313,0.4,164,0,0,1,0,0,0,High-end
616,19,2.2,7,3,4,347,513,17,9,21,3267,0.8,150,0,1,0,0,1,1,High-end
1109,16,2.8,1,6,12,124,833,15,10,57,2785,0.9,151,1,1,0,0,0,1,High-end
744,19,1.7,4,0,2,1252,1963,9,3,33,2700,0.5,105,1,0,0,0,1,1,High-end
680,17,2.1,3,9,11,1428,1500,14,2,9,2438,0.1,131,1,1,0,0,1,1,High-end
1989,18,2.9,8,8,15,629,682,7,0,17,2369,0.1,193,1,1,1,0,0,1,High-end
880,3,1.7,4,2,19,632,660,6,4,6,3006,0.6,198,0,0,0,0,0,1,High-end
1624,2,1.6,2,8,10,689,699,16,11,28,2473,0.4,150,1,0,0,0,0,1,High-end
1248,13,2.4,3,6,8,71,1686,9,8,9,2454,0.4,89,0,0,1,0,1,1,High-end
618,5,2.2,2,0,1,853,1781,14,3,63,2574,0.9,138,1,1,1,0,1,1,High-end
723,17,1.9,1,4,7,1467,1901,19,9,30,2339,0.3,102,0,1,1,1,0,0,High-end
1660,14,0.6,2,2,3,223,1777,12,10,24,2402,0.8,169,0,0,1,1,1,1,High-end
1641,17,1.1,8,6,7,224,1994,13,6,48,1695,0.7,97,0,0,0,1,0,1,High-end
645,4,0.5,7,1,10,327,580,12,9,41,2962,1.0,197,0,0,1,1,0,1,High-end
642,13,2.8,2,3,15,331,1011,12,5,34,3355,0.8,197,0,0,0,0,0,0,High-end
1910,2,1.4,7,0,2,333,639,8,7,29,2944,0.6,146,0,0,1,1,0,1,High-end
623,18,1.4,3,0,1,778,844,14,4,15,3510,0.2,189,1,0,0,1,1,1,High-end
854,2,1.0,4,5,9,730,1148,7,0,17,3115,0.9,101,0,0,0,0,1,1,High-end
516,15,0.7,1,1,12,126,698,17,13,30,3731,0.9,138,1,1,0,0,0,0,High-end
1631,8,0.5,2,2,16,960,1735,12,3,13,2173,0.5,166,0,0,1,0,1,1,High-end
1215,15,1.0,4,4,8,454,1473,7,1,16,2632,0.1,130,0,0,0,1,0,0,High-end
1561,10,0.5,2,10,13,885,1811,13,12,4,1783,0.5,134,1,0,1,0,1,1,High-end
695,7,0.5,2,18,19,1649,1829,16,13,12,2855,0.6,196,0,0,1,1,1,1,High-end
1221,14,2.3,7,7,19,765,1899,19,16,35,2638,0.4,152,0,0,1,1,1,1,High-end
645,13,2.5,4,10,14,278,584,18,8,63,3615,1.0,174,0,0,0,1,1,1,High-end
1583,2,2.1,7,11,16,942,1651,17,13,14,1704,0.7,148,1,1,0,1,0,1,High-end
1720,2,1.6,5,18,20,334,896,10,5,2,2522,0.8,188,0,0,0,1,1,1,High-end
1652,20,1.1,4,1,5,313,1264,12,8,36,2338,0.7,89,1,1,0,0,0,0,High-end
1753,17,0.5,1,0,18,1590,1926,17,0,31,1324,0.1,134,1,0,0,1,1,1,High-end
1820,11,1.4,7,5,10,202,1884,11,9,51,2481,0.9,163,0,1,0,0,0,0,High-end
633,16,2.2,8,0,1,529,1009,11,1,49,3560,0.1,139,0,1,1,1,1,1,High-end
1602,13,1.6,7,0,7,1325,1800,18,17,35,1829,0.1,99,1,0,0,0,1,1,High-end
1117,16,0.5,7,1,8,798,817,7,6,12,2895,0.6,144,0,0,1,0,0,1,High-end
513,13,1.9,8,8,13,282,710,16,6,27,3400,0.4,174,0,0,1,1,0,0,High-end
1681,20,2.5,1,6,7,850,1005,5,3,18,2265,0.3,167,1,1,1,1,0,1,High-end
1018,2,0.7,5,7,18,856,883,10,3,63,3048,0.1,155,1,1,0,1,0,0,High-end
1216,4,3.0,3,4,7,1852,1967,13,5,47,2268,0.4,199,0,0,1,1,0,0,High-end
1328,5,0.5,3,5,18,602,1156,7,2,27,2674,0.3,144,0,1,0,1,1,1,High-end
1395,13,1.8,3,0,1,213,705,11,0,23,2571,0.1,111,1,0,0,1,0,1,High-end
994,11,1.2,2,4,17,296,839,17,7,40,3104,0.9,164,1,0,0,0,0,0,High-end
1726,6,1.9,5,1,3,1221,1804,16,7,42,1868,0.6,106,0,1,0,0,1,1,High-end
1709,17,0.8,2,8,10,956,1292,18,3,58,1781,0.8,136,0,1,0,0,1,1,High-end
1206,4,3.0,3,10,13,1581,1713,7,1,30,1825,0.6,127,1,0,0,1,1,1,High-end
598,19,0.8,8,8,9,118,764,11,2,62,3066,0.1,117,1,1,1,0,1,1,High-end
961,7,1.5,6,10,16,554,621,15,6,51,2981,0.3,152,1,1,1,1,0,1,High-end
1996,12,2.5,4,5,9,671,1445,8,7,51,2236,0.4,122,0,0,0,1,1,1,High-end
1045,12,1.2,6,3,7,1078,1564,11,8,40,2137,0.1,175,1,1,0,1,1,1,High-end
704,15,2.2,6,4,6,251,1013,7,1,53,3653,0.2,186,1,0,1,1,0,1,High-end
1347,11,2.9,1,5,14,434,967,18,2,44,2484,0.6,132,0,0,0,1,0,1,High-end
1296,10,1.4,7,3,4,1222,1382,19,8,11,2552,0.2,129,1,0,1,1,0,1,High-end
1526,3,2.1,7,1,8,718,751,18,10,23,2227,0.2,117,0,0,1,0,1,1,High-end
1185,3,1.9,8,0,7,837,1642,16,2,31,2447,0.4,152,0,0,1,1,0,1,High-end
786,5,2.2,7,0,6,507,1697,12,11,33,2390,0.5,141,1,0,0,1,0,1,High-end
1309,11,1.1,4,0,14,557,1402,10,1,33,2334,0.5,100,1,0,0,1,0,1,High-end
1788,4,0.5,6,15,20,472,1073,12,2,2,2655,0.3,150,1,1,0,1,1,1,High-end
1303,14,1.0,3,0,10,229,1604,12,4,15,2574,0.1,138,1,0,1,1,1,1,High-end
869,12,1.9,7,0,3,519,533,19,0,2,3249,0.6,197,0,0,0,1,0,0,High-end
1178,17,1.3,5,0,0,579,596,6,3,49,2511,0.6,101,0,1,0,0,0,0,High-end
1547,15,3.0,3,2,19,1042,1832,5,0,14,2059,0.7,198,1,1,0,1,1,1,High-end
737,10,2.4,4,7,16,781,1463,7,0,49,2951,0.6,193,1,1,1,0,0,0,High-end
1953,4,2.1,8,7,9,555,764,11,5,56,2334,0.1,158,1,1,0,0,0,1,High-end
598,7,2.3,2,7,10,680,1173,8,4,21,3293,0.7,196,1,0,0,1,0,1,High-end
1973,5,1.6,4,5,6,792,1181,9,0,39,1993,0.8,152,1,0,0,0,1,1,High-end
1766,6,1.3,8,1,20,439,1306,19,2,29,2316,0.5,194,0,1,0,1,0,0,High-end
582,20,0.5,3,8,11,1043,1702,6,1,32,2977,0.7,107,0,0,1,1,0,0,High-end
994,20,2.8,3,0,3,491,530,5,2,56,3190,0.5,173,1,1,1,1,0,1,High-end
757,9,2.3,4,5,7,535,697,19,12,58,3237,0.2,163,1,0,0,1,1,1,High-end
1893,17,0.5,8,1,3,1203,1432,15,7,23,1482,0.1,179,1,1,1,0,0,0,High-end
1512,7,1.7,7,12,17,205,884,15,7,6,2335,0.7,162,0,1,1,1,0,1,High-end
1822,8,1.2,6,0,0,172,910,9,5,8,2577,0.2,195,0,0,1,0,0,1,High-end
1831,18,2.3,7,3,14,437,1113,10,5,44,2460,0.2,148,0,1,0,0,1,1,High-end
1220,15,2.9,4,3,8,403,1933,19,11,62,2589,0.5,125,0,0,1,1,0,1,High-end
1159,18,1.5,4,3,8,717,1206,8,7,36,2115,0.4,104,0,0,0,0,0,0,High-end
1193,14,3.0,3,10,17,674,864,19,11,56,2394,0.4,196,0,1,1,0,0,1,High-end
724,7,2.7,7,0,0,1273,1754,7,6,44,2311,0.5,187,1,0,0,0,0,1,High-end
831,18,0.7,8,2,9,1482,1490,16,12,62,2573,0.7,134,0,1,0,1,1,1,High-end
920,2,0.5,3,2,3,1058,1421,6,0,46,2608,0.8,149,0,1,0,1,0,0,High-end
587,7,2.5,1,16,17,244,1361,10,4,51,2746,0.6,111,0,1,0,1,1,1,High-end
1410,18,0.5,3,0,1,192,1311,18,4,15,2304,0.3,92,1,1,1,0,1,1,High-end
1536,16,0.8,7,12,20,22,1634,6,0,13,2020,0.3,105,0,0,1,0,0,1,High-end
840,19,0.9,6,6,7,1482,1591,10,8,33,2072,0.7,150,1,0,1,0,0,0,High-end
1147,15,0.8,6,11,13,1085,1134,18,3,28,2627,0.7,158,1,0,0,1,0,1,High-end
554,4,1.3,6,0,10,85,806,10,7,12,3764,0.1,105,0,1,1,1,0,0,High-end
671,15,0.9,7,10,17,852,1182,6,4,30,2504,0.7,105,1,0,0,0,0,1,High-end
586,10,1.4,8,10,14,116,598,9,7,8,3178,0.5,142,1,0,0,1,1,1,High-end
1524,13,1.8,4,0,1,154,550,16,5,10,2678,0.6,174,1,1,0,1,0,1,High-end
1210,7,0.5,5,0,0,1177,1462,17,9,63,2394,0.1,93,0,0,0,0,0,0,High-end
1245,7,0.6,5,2,3,330,1434,17,8,30,2676,0.7,105,0,1,0,0,0,1,High-end
614,12,0.7,7,4,7,1012,1040,10,7,51,2854,0.1,178,0,1,0,1,1,1,High-end
1056,3,2.1,3,8,11,914,979,15,5,37,2651,0.7,101,1,1,1,1,1,1,High-end
531,19,1.1,7,10,14,145,1903,17,1,63,2958,0.7,189,0,0,1,0,0,0,High-end
1197,14,0.5,5,9,10,214,1710,19,7,20,2885,0.1,129,1,1,1,1,0,1,High-end
1263,4,2.0,6,0,3,954,1609,9,6,5,1958,0.4,146,0,1,1,1,0,1,High-end
1405,11,1.7,4,0,7,284,1036,19,6,8,2376,0.3,107,0,0,1,0,0,0,High-end
1864,18,1.4,1,8,12,168,981,11,7,46,2686,0.7,178,0,0,1,1,1,1,High-end
1310,5,1.1,5,13,14,117,513,8,4,7,3182,1.0,194,1,1,1,0,0,1,High-end
1379,15,1.1,2,1,16,838,885,10,5,18,2358,0.2,129,1,0,1,0,1,1,High-end
1824,5,0.8,2,4,5,1055,1738,14,1,19,2381,0.9,143,0,1,0,0,1,1,High-end
1665,14,0.5,6,3,18,1572,1684,18,17,60,1601,0.2,194,0,1,0,0,1,1,High-end
1562,6,1.3,5,1,15,642,1533,12,10,7,2243,0.2,190,1,1,0,0,1,1,High-end
668,8,0.5,5,0,13,666,1203,9,5,3,2746,0.1,155,1,0,1,1,0,1,High-end
1642,2,1.6,5,0,2,1686,1889,18,0,5,1333,0.4,102,1,1,0,1,0,0,High-end
854,11,0.5,8,2,5,518,1152,5,2,30,2889,0.5,125,0,0,0,1,0,0,High-end
599,7,2.9,8,0,1,103,646,5,3,64,3396,0.3,186,0,1,0,0,1,1,High-end
1330,4,1.1,7,11,20,1103,1637,10,1,37,2166,0.7,126,0,0,0,0,0,1,High-end
1758,15,0.5,8,11,14,762,1864,6,2,13,1897,0.6,190,0,1,0,0,1,1,High-end
1826,17,0.5,8,5,6,973,1633,17,9,49,1612,0.6,172,1,1,1,0,1,1,High-end
1106,9,1.9,3,4,9,614,1212,9,3,54,2674,0.7,107,0,1,0,1,0,1,High-end
1998,18,1.2,8,8,19,50,1356,17,9,31,2311,0.6,196,0,1,1,0,0,1,High-end
1615,3,2.8,1,3,13,542,678,8,3,9,2948,0.9,117,0,1,1,0,0,1,High-end
803,12,0.8,4,0,1,627,935,18,15,18,2801,0.3,106,1,0,1,0,0,0,High-end
1597,15,0.9,1,4,19,880,1145,8,3,4,2130,0.5,85,0,1,1,0,1,1,High-end
622,4,1.9,8,12,14,760,1964,5,0,11,3183,0.8,193,1,1,1,1,0,1,High-end
1741,7,0.5,5,1,3,719,755,13,10,55,2575,0.1,140,0,1,1,1,1,1,High-end
1702,10,1.0,5,7,9,1240,1931,8,6,36,1430,0.1,177,0,0,0,0,0,0,High-end
1829,12,0.5,5,0,7,729,1267,16,11,15,2080,0.4,160,0,1,0,1,1,1,High-end
764,6,1.2,8,1,2,361,511,18,7,13,3148,1.0,152,1,1,1,0,0,1,High-end
1187,5,2.3,6,0,6,215,1125,10,3,21,2547,0.2,122,0,0,1,0,1,1,High-end
1830,19,0.5,6,5,6,773,1353,16,3,14,1905,0.8,160,0,1,1,1,0,1,High-end
1332,10,1.3,7,5,19,846,855,19,11,7,2790,0.8,168,1,0,1,0,1,1,High-end
1940,8,0.9,5,4,7,112,858,14,6,17,2297,0.7,93,1,1,1,0,0,0,High-end
1966,20,1.4,8,2,18,1197,1987,11,2,40,1185,0.9,185,1,1,1,0,0,0,High-end
1089,13,1.4,7,10,20,211,1409,7,5,2,2620,0.1,153,1,0,0,0,0,1,High-end
1993,9,0.5,8,10,11,150,510,14,0,27,2437,0.3,147,0,1,0,0,1,1,High-end
576,16,1.2,8,1,5,847,893,11,6,30,2800,0.8,162,0,0,1,1,0,0,High-end
640,8,1.3,8,5,20,976,1353,15,7,6,2711,0.6,143,1,0,1,0,1,1,High-end
793,14,1.0,2,5,15,1858,1935,17,13,30,2332,0.9,133,1,0,1,1,1,1,High-end
667,12,1.3,6,4,10,272,870,9,5,6,3566,0.1,149,1,0,0,1,1,1,High-end
618,4,0.6,1,8,14,1105,1602,16,15,16,2262,0.2,143,0,0,1,0,0,0,High-end
1442,7,2.2,5,0,3,1626,1668,11,8,56,1513,0.7,145,0,0,1,0,1,1,High-end
1720,5,2.0,2,15,18,753,1353,14,2,55,2148,0.5,168,0,0,1,1,1,1,High-end
636,3,0.5,2,8,15,148,742,15,6,28,2927,0.9,152,0,0,0,0,1,1,High-end
1527,11,2.7,5,10,14,526,1116,5,3,60,2078,0.1,154,0,0,1,1,1,1,High-end
1065,18,0.5,2,0,2,188,928,10,1,14,3078,0.7,89,0,1,0,1,1,1,High-end
1039,5,2.7,8,11,13,497,618,14,8,56,3105,0.3,125,0,1,1,1,0,0,High-end
667,19,0.6,6,6,13,13,1463,5,0,3,2855,0.7,185,0,1,0,1,1,1,High-end
1698,17,2.5,2,10,18,485,1819,5,3,26,1656,0.4,105,0,0,0,1,1,1,High-end
1066,17,1.6,5,5,17,401,1586,6,0,39,2728,0.6,131,0,0,1,1,0,1,High-end
1042,2,2.2,5,15,16,68,1018,18,0,11,2826,0.6,139,0,0,0,0,1,1,High-end
1493,20,1.5,5,13,16,240,1414,19,15,53,2083,0.5,102,1,0,1,1,0,0,High-end
600,5,2.5,1,8,11,207,1162,19,1,22,3441,0.1,145,1,0,0,0,1,1,High-end
925,5,2.1,1,9,14,1262,1520,8,0,56,2466,0.2,196,0,1,0,0,0,1,High-end
841,16,0.5,6,8,13,546,828,11,5,39,2942,0.1,199,1,1,1,1,0,0,High-end
1126,12,2.4,6,2,3,1223,1611,7,6,10,2050,0.4,160,0,1,1,1,1,1,High-end
964,5,2.0,8,0,0,225,1234,17,16,22,2577,0.7,86,0,0,1,0,1,1,High-end
1656,20,1.6,7,0,2,320,899,14,3,16,2856,1.0,117,1,1,1,1,0,1,High-end
1968,7,0.9,3,0,7,861,1259,9,8,22,2323,0.8,115,0,0,0,1,0,0,High-end
965,15,1.4,8,1,2,645,1275,17,12,13,2343,0.9,197,0,1,0,0,0,1,High-end
1485,11,1.0,2,2,9,510,1013,19,1,32,2147,0.7,84,0,0,1,0,1,1,High-end
1349,4,2.0,5,15,16,592,772,11,3,62,2756,0.3,114,1,0,0,0,0,1,High-end
1501,16,1.1,1,12,15,198,1056,13,12,2,2487,0.2,187,0,0,1,1,1,1,High-end
1923,15,1.3,4,3,4,874,1264,9,2,24,2479,1.0,86,0,0,1,0,0,1,High-end
894,13,0.9,3,5,15,104,541,11,5,54,2829,0.2,130,0,0,0,1,1,1,High-end
869,8,1.0,1,7,15,1243,1584,13,3,57,2727,0.6,118,0,1,0,0,1,1,High-end
1260,8,0.6,6,5,6,165,736,13,1,13,2710,1.0,106,0,0,1,0,1,1,High-end
835,13,0.8,5,2,18,396,1378,15,2,42,2583,0.8,128,1,0,1,1,1,1,High-end
681,5,0.5,5,12,19,371,1702,6,1,17,2548,0.9,194,1,0,0,1,1,1,High-end
1503,2,0.7,4,10,14,841,1304,15,1,43,2122,0.2,166,0,1,0,0,1,1,High-end
502,20,0.8,6,7,8,281,1159,5,4,52,2666,1.0,82,0,0,1,0,0,1,High-end
1975,13,1.5,8,6,11,80,655,5,4,16,2998,0.9,128,0,1,1,0,1,1,High-end
1701,6,1.6,8,3,7,550,1338,12,9,10,2598,0.3,194,1,1,1,0,0,0,High-end
1089,10,0.9,5,12,15,636,1259,13,12,2,2765,0.7,145,1,1,0,1,1,1,High-end
1330,14,1.8,1,1,5,194,892,9,4,40,2678,0.5,177,1,1,1,1,0,1,High-end
1086,17,1.7,6,0,1,56,1150,11,5,43,3285,0.2,111,1,1,1,0,1,1,High-end
1836,7,1.1,5,0,1,168,1068,18,6,14,2469,0.7,104,1,0,1,1,0,1,High-end
1788,20,0.5,6,0,16,149,1022,7,5,6,2321,0.2,141,0,0,1,0,1,1,High-end
579,11,2.5,8,3,10,808,1517,12,4,7,2908,1.0,89,0,1,0,1,0,0,High-end
798,14,2.4,3,5,9,526,643,15,7,4,2965,0.2,96,0,0,1,0,0,1,High-end
930,9,2.1,1,0,13,1569,1763,7,1,54,1743,0.9,80,1,0,1,0,0,0,High-end
1504,7,1.5,8,12,15,507,973,7,2,34,2806,0.7,142,0,0,0,1,1,1,High-end
865,19,1.2,3,8,9,805,1804,16,11,59,2361,0.1,159,1,0,0,1,0,1,High-end
1063,9,1.4,5,2,4,127,683,15,13,48,2910,1.0,128,1,0,1,1,1,1,High-end
1878,3,1.5,5,5,13,183,559,8,2,56,2711,0.3,139,1,0,1,1,1,1,High-end
1726,13,0.9,4,2,3,379,1223,13,9,51,2239,0.6,193,1,1,0,1,0,1,High-end
614,11,1.7,7,0,2,22,519,15,6,58,3487,0.2,128,1,0,1,1,1,1,High-end
582,2,0.5,3,3,10,985,1420,19,2,27,2437,0.2,168,1,0,1,1,0,1,High-end
1694,2,0.6,7,0,7,377,549,17,5,34,2298,0.3,102,0,1,1,0,1,1,High-end
1821,6,0.9,1,9,18,97,1803,7,4,12,2430,0.3,114,0,0,1,1,1,1,High-end
1073,18,0.5,7,0,0,690,804,6,0,51,2908,0.5,145,1,1,1,0,0,0,High-end
1109,17,2.1,1,1,4,165,1103,13,5,34,2821,0.1,173,0,0,0,1,0,1,High-end
